date,district,rainfall,temperature,humidity,opd_visits,ambulance_calls,idsp_cases,larval_index,medicine_stock,disease_cases,risk,disease
2024-01-01,Chennai,55,31,76,263,53,,13,74,110,1,Cholera
2024-01-02,Chennai,40,29,87,424,60,,12,58,184,0,Typhoid
2024-01-03,Chennai,112,29,62,486,89,,17,52,181,1,Respiratory Infection
2024-01-04,Chennai,42,30,88,315,76,,13,69,173,0,Typhoid
2024-01-05,Chennai,129,32,89,349,46,,21,66,135,1,Dengue
2024-01-06,Chennai,12,27,63,428,115,,7,58,236,0,Typhoid
2024-01-07,Chennai,35,28,71,373,51,141.0,10,63,94,0,Typhoid
2024-01-08,Chennai,32,32,92,489,145,,12,52,135,1,Respiratory Infection
2024-01-09,Chennai,82,30,83,198,29,,16,81,44,1,Dengue
2024-01-10,Chennai,31,28,72,222,47,,10,78,67,0,Flu
2024-01-11,Chennai,50,31,88,439,77,,13,57,261,0,Typhoid
2024-01-12,Chennai,0,27,66,372,59,,6,63,80,0,Typhoid
2024-01-13,Chennai,0,32,93,193,26,,9,81,46,0,Flu
2024-01-14,Chennai,45,30,92,442,70,215.0,13,56,252,0,Typhoid
2024-01-15,Chennai,90,28,65,523,68,,15,48,200,1,Respiratory Infection
2024-01-16,Chennai,76,30,82,465,72,,15,54,142,1,Respiratory Infection
2024-01-17,Chennai,88,30,85,107,17,,17,90,60,1,Dengue
2024-01-18,Chennai,86,29,61,213,50,,14,79,91,1,Cholera
2024-01-19,Chennai,48,29,92,209,50,,14,80,109,0,Flu
2024-01-20,Chennai,5,29,87,252,70,,9,75,58,0,Typhoid
2024-01-21,Chennai,0,29,89,169,45,65.0,8,84,99,0,Flu
2024-01-22,Chennai,31,27,69,182,33,,10,82,101,0,Flu
2024-01-23,Chennai,68,31,88,513,120,,15,49,106,1,Respiratory Infection
2024-01-24,Chennai,113,27,61,425,112,,17,58,180,1,Cholera
2024-01-25,Chennai,63,30,60,233,68,,12,77,98,1,Cholera
2024-01-26,Chennai,40,28,92,430,70,,13,57,86,0,Typhoid
2024-01-27,Chennai,85,32,72,473,56,,15,53,128,1,Respiratory Infection
2024-01-28,Chennai,111,31,81,299,67,138.0,19,71,111,1,Dengue
2024-01-29,Chennai,45,28,78,158,31,,12,85,88,0,Flu
2024-01-30,Chennai,57,31,68,342,64,,12,66,75,1,Cholera
2024-01-31,Chennai,114,28,91,420,60,,20,58,206,1,Dengue
2024-02-01,Chennai,78,31,70,121,23,,14,88,57,1,Cholera
2024-02-02,Chennai,47,32,72,140,26,,11,86,83,0,Flu
2024-02-03,Chennai,63,30,85,201,58,,14,80,54,1,Cholera
2024-02-04,Chennai,114,31,85,405,105,,19,60,137,1,Dengue
2024-02-05,Chennai,52,31,62,582,143,,11,42,257,1,Respiratory Infection
2024-02-06,Chennai,120,30,82,213,54,,20,79,54,1,Dengue
2024-02-07,Chennai,95,27,75,399,68,155.0,17,61,197,1,Cholera
2024-02-08,Chennai,77,30,67,183,48,,14,82,88,1,Cholera
2024-02-09,Chennai,67,31,79,366,57,,14,64,182,1,Cholera
2024-02-10,Chennai,74,28,85,261,36,,15,74,71,1,Cholera
2024-02-11,Chennai,49,28,71,578,169,,12,43,270,1,Respiratory Infection
2024-02-12,Chennai,90,31,77,589,100,,16,42,211,1,Respiratory Infection
2024-02-13,Chennai,126,27,80,498,144,,20,51,214,1,Respiratory Infection
2024-02-14,Chennai,95,28,85,505,139,198.0,18,50,215,1,Dengue
2024-02-15,Chennai,111,30,79,361,93,,19,64,128,1,Cholera
2024-02-16,Chennai,106,27,78,570,124,,18,43,215,1,Respiratory Infection
2024-02-17,Chennai,10,27,90,343,79,,10,66,148,0,Typhoid
2024-02-18,Chennai,10,30,72,590,73,,8,41,353,1,Respiratory Infection
2024-02-19,Chennai,22,27,87,150,43,,10,85,48,0,Flu
2024-02-20,Chennai,141,30,62,106,15,,20,90,32,1,Cholera
2024-02-21,Chennai,64,27,91,306,55,143.0,15,70,174,1,Cholera
2024-02-22,Chennai,61,28,92,107,25,,15,90,53,1,Cholera
2024-02-23,Chennai,60,28,76,314,78,,13,69,168,1,Cholera
2024-02-24,Chennai,98,28,85,558,95,,18,45,229,1,Dengue
2024-02-25,Chennai,66,27,78,344,75,,14,66,80,1,Cholera
2024-02-26,Chennai,93,32,60,271,35,,15,73,141,1,Cholera
2024-02-27,Chennai,1,29,72,116,31,,7,89,64,0,Flu
2024-02-28,Chennai,54,30,71,504,137,160.0,12,50,101,1,Respiratory Infection
2024-02-29,Chennai,103,30,90,180,48,,19,82,76,1,Dengue
2024-03-01,Chennai,134,29,84,572,88,,21,43,323,1,Dengue
2024-03-02,Chennai,74,32,73,112,32,,14,89,57,1,Cholera
2024-03-03,Chennai,58,28,61,228,68,,11,78,97,1,Cholera
2024-03-04,Chennai,68,28,71,571,149,,13,43,203,1,Respiratory Infection
2024-03-05,Chennai,97,27,67,416,85,,16,59,235,1,Cholera
2024-03-06,Chennai,27,32,88,213,63,,11,79,63,0,Flu
2024-03-07,Chennai,82,31,94,416,98,123.0,17,59,169,1,Dengue
2024-03-08,Chennai,52,28,73,422,48,,12,58,210,1,Cholera
2024-03-09,Chennai,0,30,65,333,48,,6,67,75,0,Typhoid
2024-03-10,Chennai,67,30,68,523,132,,13,48,121,1,Respiratory Infection
2024-03-11,Chennai,43,32,70,231,24,,11,77,111,0,Flu
2024-03-12,Chennai,88,31,92,157,26,,18,85,80,1,Dengue
2024-03-13,Chennai,83,30,85,319,82,,16,69,173,1,Dengue
2024-03-14,Chennai,99,29,71,521,120,213.0,17,48,134,1,Respiratory Infection
2024-03-15,Chennai,73,32,84,263,39,,15,74,65,1,Cholera
2024-03-16,Chennai,93,28,94,344,51,,18,66,162,1,Dengue
2024-03-17,Chennai,18,30,92,334,67,,11,67,162,0,Typhoid
2024-03-18,Chennai,86,29,62,256,75,,14,75,95,1,Cholera
2024-03-19,Chennai,104,32,72,356,70,,17,65,179,1,Cholera
2024-03-20,Chennai,0,28,69,338,49,,6,67,84,0,Typhoid
2024-03-21,Chennai,128,29,86,530,96,205.0,21,47,173,1,Dengue
2024-03-22,Chennai,93,30,60,574,148,,15,43,157,1,Respiratory Infection
2024-03-23,Chennai,49,32,77,428,59,,12,58,192,0,Typhoid
2024-03-24,Chennai,0,27,64,119,26,,6,89,30,0,Flu
2024-03-25,Chennai,0,30,81,156,45,,8,85,66,0,Flu
2024-03-26,Chennai,82,32,89,511,89,,17,49,106,1,Dengue
2024-03-27,Chennai,81,31,61,112,33,,14,89,63,1,Cholera
2024-03-28,Chennai,116,31,83,288,62,96.0,19,72,74,1,Dengue
2024-03-29,Chennai,59,29,84,132,33,,14,87,27,1,Cholera
2024-03-30,Chennai,75,32,65,514,97,,14,49,108,1,Respiratory Infection
2024-03-31,Chennai,74,29,91,277,80,,16,73,107,1,Cholera
2024-04-01,Chennai,22,29,68,514,104,,9,49,194,1,Respiratory Infection
2024-04-02,Chennai,66,28,79,428,121,,14,58,104,1,Cholera
2024-04-03,Chennai,69,32,63,407,107,,13,60,224,1,Cholera
2024-04-04,Chennai,107,32,70,516,107,,17,49,245,1,Respiratory Infection
2024-04-05,Chennai,16,29,68,597,118,,8,41,303,1,Respiratory Infection
2024-04-06,Chennai,26,32,86,116,24,,11,89,50,0,Flu
2024-04-07,Chennai,25,29,81,299,66,76.0,10,71,132,0,Typhoid
2024-04-08,Chennai,80,30,85,308,44,,16,70,71,1,Cholera
2024-04-09,Chennai,49,30,64,418,116,,11,59,176,0,Typhoid
2024-04-10,Chennai,79,32,75,142,35,,15,86,57,1,Cholera
2024-04-11,Chennai,47,30,81,201,56,,12,80,83,0,Flu
2024-04-12,Chennai,67,27,92,549,96,,15,46,283,1,Respiratory Infection
2024-04-13,Chennai,30,27,92,141,21,,12,86,70,0,Flu
2024-04-14,Chennai,153,30,78,397,51,100.0,23,61,207,1,Cholera
2024-04-15,Chennai,68,31,67,526,133,,13,48,198,1,Respiratory Infection
2024-04-16,Chennai,34,29,86,269,66,,12,74,57,0,Typhoid
2024-04-17,Chennai,2,28,77,173,25,,7,83,100,0,Flu
2024-04-18,Chennai,75,32,93,521,53,,16,48,257,1,Respiratory Infection
2024-04-19,Chennai,46,30,78,348,96,,12,66,112,0,Typhoid
2024-04-20,Chennai,80,30,81,288,79,,16,72,64,1,Cholera
2024-04-21,Chennai,20,29,88,498,118,108.0,10,51,112,1,Respiratory Infection
2024-04-22,Chennai,50,31,91,474,53,,14,53,127,1,Respiratory Infection
2024-04-23,Chennai,108,30,87,146,17,,19,86,32,1,Dengue
2024-04-24,Chennai,47,28,71,541,152,,11,46,190,1,Respiratory Infection
2024-04-25,Chennai,100,30,81,512,147,,18,49,175,1,Dengue
2024-04-26,Chennai,51,29,88,373,88,,13,63,158,1,Cholera
2024-04-27,Chennai,58,28,78,496,53,,13,51,252,1,Respiratory Infection
2024-04-28,Chennai,99,29,69,135,28,62.0,16,87,67,1,Cholera
2024-04-29,Chennai,0,27,76,395,58,,7,61,220,0,Typhoid
2024-01-01,Coimbatore,15,31,72,259,72,,8,75,64,0,Typhoid
2024-01-02,Coimbatore,87,28,60,123,36,,14,88,40,1,Cholera
2024-01-03,Coimbatore,63,30,75,313,49,,13,69,84,1,Cholera
2024-01-04,Coimbatore,9,31,77,480,107,,8,52,99,1,Respiratory Infection
2024-01-05,Coimbatore,106,29,82,488,129,,18,52,207,1,Dengue
2024-01-06,Coimbatore,26,32,92,281,45,,11,72,110,0,Typhoid
2024-01-07,Coimbatore,55,27,73,455,121,168.0,12,55,128,1,Respiratory Infection
2024-01-08,Coimbatore,52,30,94,327,97,,14,68,157,1,Cholera
2024-01-09,Coimbatore,0,28,72,409,71,,7,60,203,0,Typhoid
2024-01-10,Coimbatore,78,27,84,337,88,,16,67,175,1,Cholera
2024-01-11,Coimbatore,2,29,71,572,137,,7,43,309,1,Respiratory Infection
2024-01-12,Coimbatore,107,29,74,255,66,,18,75,99,1,Cholera
2024-01-13,Coimbatore,83,32,81,166,18,,16,84,53,1,Dengue
2024-01-14,Coimbatore,108,29,69,514,86,144.0,17,49,148,1,Respiratory Infection
2024-01-15,Coimbatore,65,27,94,455,103,,15,55,221,1,Respiratory Infection
2024-01-16,Coimbatore,63,28,74,103,22,,13,90,51,1,Cholera
2024-01-17,Coimbatore,64,27,82,500,84,,14,50,226,1,Respiratory Infection
2024-01-18,Coimbatore,52,30,76,466,113,,12,54,113,1,Respiratory Infection
2024-01-19,Coimbatore,26,32,80,235,37,,10,77,134,0,Flu
2024-01-20,Coimbatore,90,27,89,122,14,,17,88,59,1,Dengue
2024-01-21,Coimbatore,19,32,91,158,37,47.0,11,85,54,0,Flu
2024-01-22,Coimbatore,51,29,93,341,58,,14,66,118,1,Cholera
2024-01-23,Coimbatore,101,31,91,319,74,,19,69,90,1,Dengue
2024-01-24,Coimbatore,82,32,94,368,68,,17,64,188,1,Dengue
2024-01-25,Coimbatore,93,27,71,397,87,,16,61,207,1,Cholera
2024-01-26,Coimbatore,123,27,60,283,28,,18,72,154,1,Cholera
2024-01-27,Coimbatore,66,30,93,229,56,,15,78,88,1,Cholera
2024-01-28,Coimbatore,56,29,84,444,123,91.0,14,56,108,1,Cholera
2024-01-29,Coimbatore,54,27,88,451,122,,14,55,166,1,Respiratory Infection
2024-01-30,Coimbatore,82,27,88,157,37,,17,85,53,1,Dengue
2024-01-31,Coimbatore,0,27,93,574,154,,9,43,332,1,Respiratory Infection
2024-02-01,Coimbatore,0,31,91,324,58,,9,68,91,0,Typhoid
2024-02-02,Coimbatore,65,32,66,223,41,,13,78,73,1,Cholera
2024-02-03,Coimbatore,69,29,64,300,67,,13,70,93,1,Cholera
2024-02-04,Coimbatore,63,27,74,418,80,,13,59,180,1,Cholera
2024-02-05,Coimbatore,116,31,75,464,125,,19,54,265,1,Respiratory Infection
2024-02-06,Coimbatore,46,32,84,589,153,,13,42,157,1,Respiratory Infection
2024-02-07,Coimbatore,4,31,88,345,40,71.0,9,66,99,0,Typhoid
2024-02-08,Coimbatore,130,27,75,397,84,,20,61,122,1,Cholera
2024-02-09,Coimbatore,72,31,84,408,99,,15,60,151,1,Cholera
2024-02-10,Coimbatore,158,31,67,425,119,,22,58,116,1,Cholera
2024-02-11,Coimbatore,152,30,60,229,65,,21,78,56,1,Cholera
2024-02-12,Coimbatore,94,28,91,499,113,,18,51,287,1,Dengue
2024-02-13,Coimbatore,93,28,94,176,27,,18,83,44,1,Dengue
2024-02-14,Coimbatore,97,31,92,551,98,219.0,18,45,246,1,Dengue
2024-02-15,Coimbatore,60,32,61,493,129,,12,51,108,1,Respiratory Infection
2024-02-16,Coimbatore,52,31,84,428,75,,13,58,141,1,Cholera
2024-02-17,Coimbatore,76,29,72,527,67,,14,48,238,1,Respiratory Infection
2024-02-18,Coimbatore,63,28,71,588,85,,13,42,293,1,Respiratory Infection
2024-02-19,Coimbatore,94,27,70,416,124,,16,59,143,1,Cholera
2024-02-20,Coimbatore,83,28,85,129,30,,16,88,53,1,Dengue
2024-02-21,Coimbatore,23,31,62,566,114,250.0,8,44,331,1,Respiratory Infection
2024-02-22,Coimbatore,0,29,93,195,45,,9,81,84,0,Flu
2024-02-23,Coimbatore,41,27,84,157,18,,12,85,44,0,Flu
2024-02-24,Coimbatore,61,27,90,594,116,,15,41,271,1,Respiratory Infection
2024-02-25,Coimbatore,43,30,75,356,67,,11,65,161,0,Typhoid
2024-02-26,Coimbatore,81,29,60,553,159,,14,45,213,1,Respiratory Infection
2024-02-27,Coimbatore,114,28,89,102,17,,20,90,35,1,Dengue
2024-02-28,Coimbatore,164,29,90,488,105,238.0,25,52,290,1,Dengue
2024-02-29,Coimbatore,25,29,62,110,13,,8,89,26,0,Flu
2024-03-01,Coimbatore,69,28,78,137,32,,14,87,56,1,Cholera
2024-03-02,Coimbatore,25,31,93,460,122,,11,54,142,1,Respiratory Infection
2024-03-03,Coimbatore,65,27,85,227,53,,15,78,47,1,Cholera
2024-03-04,Coimbatore,58,29,61,119,34,,11,89,35,1,Cholera
2024-03-05,Coimbatore,106,29,90,555,123,,19,45,165,1,Dengue
2024-03-06,Coimbatore,76,30,74,235,34,,15,77,69,1,Cholera
2024-03-07,Coimbatore,58,29,72,325,47,115.0,13,68,159,1,Cholera
2024-03-08,Coimbatore,125,28,63,352,54,,18,65,109,1,Cholera
2024-03-09,Coimbatore,76,30,94,594,163,,17,41,223,1,Respiratory Infection
2024-03-10,Coimbatore,69,27,77,304,46,,14,70,142,1,Cholera
2024-03-11,Coimbatore,129,28,60,334,75,,18,67,97,1,Cholera
2024-03-12,Coimbatore,5,29,65,252,47,,7,75,124,0,Typhoid
2024-03-13,Coimbatore,66,31,78,501,75,,14,50,274,1,Respiratory Infection
2024-03-14,Coimbatore,81,29,80,353,83,150.0,16,65,174,1,Cholera
2024-03-15,Coimbatore,106,32,83,214,36,,18,79,122,1,Dengue
2024-03-16,Coimbatore,40,32,60,320,53,,10,68,121,0,Typhoid
2024-03-17,Coimbatore,27,29,93,107,17,,12,90,36,0,Flu
2024-03-18,Coimbatore,39,31,87,165,21,,12,84,98,0,Flu
2024-03-19,Coimbatore,52,31,73,282,56,,12,72,144,1,Cholera
2024-03-20,Coimbatore,105,28,76,416,104,,18,59,246,1,Cholera
2024-03-21,Coimbatore,3,30,66,443,127,124.0,6,56,237,0,Typhoid
2024-03-22,Coimbatore,87,29,66,579,106,,15,43,272,1,Respiratory Infection
2024-03-23,Coimbatore,64,31,61,341,34,,12,66,100,1,Cholera
2024-03-24,Coimbatore,50,28,70,119,23,,12,89,32,0,Flu
2024-03-25,Coimbatore,80,32,80,330,33,,16,67,148,1,Cholera
2024-03-26,Coimbatore,77,32,74,170,34,,15,83,95,1,Cholera
2024-03-27,Coimbatore,120,31,84,119,35,,20,89,43,1,Dengue
2024-03-28,Coimbatore,111,27,78,458,134,183.0,18,55,132,1,Respiratory Infection
2024-03-29,Coimbatore,11,29,61,226,38,,7,78,91,0,Flu
2024-03-30,Coimbatore,67,27,71,125,30,,13,88,40,1,Cholera
2024-03-31,Coimbatore,68,28,77,340,62,,14,66,165,1,Cholera
2024-04-01,Coimbatore,47,32,71,539,153,,11,47,300,1,Respiratory Infection
2024-04-02,Coimbatore,67,30,89,415,104,,15,59,190,1,Cholera
2024-04-03,Coimbatore,31,27,85,114,22,,11,89,33,0,Flu
2024-04-04,Coimbatore,101,32,72,251,61,,17,75,130,1,Cholera
2024-04-05,Coimbatore,60,31,71,165,34,,13,84,49,1,Cholera
2024-04-06,Coimbatore,5,30,90,229,39,,9,78,86,0,Flu
2024-04-07,Coimbatore,50,28,80,105,21,33.0,13,90,24,0,Flu
2024-04-08,Coimbatore,53,28,84,294,51,,13,71,87,1,Cholera
2024-04-09,Coimbatore,60,27,60,375,58,,12,63,123,1,Cholera
2024-04-10,Coimbatore,37,31,73,213,62,,11,79,44,0,Flu
2024-04-11,Coimbatore,85,28,61,220,61,,14,78,96,1,Cholera
2024-04-12,Coimbatore,104,27,73,116,29,,17,89,34,1,Cholera
2024-04-13,Coimbatore,171,30,60,585,162,,23,42,263,1,Respiratory Infection
2024-04-14,Coimbatore,15,32,66,377,66,91.0,8,63,128,0,Typhoid
2024-04-15,Coimbatore,19,29,75,536,103,,9,47,245,1,Respiratory Infection
2024-04-16,Coimbatore,103,28,90,326,51,,19,68,127,1,Dengue
2024-04-17,Coimbatore,15,27,76,591,65,,9,41,190,1,Respiratory Infection
2024-04-18,Coimbatore,121,28,93,166,34,,21,84,85,1,Dengue
2024-04-19,Coimbatore,63,28,81,523,131,,14,48,304,1,Respiratory Infection
2024-04-20,Coimbatore,2,30,62,122,20,,6,88,65,0,Flu
2024-04-21,Coimbatore,95,28,69,300,60,69.0,16,70,73,1,Cholera
2024-04-22,Coimbatore,53,29,86,127,25,,13,88,36,1,Cholera
2024-04-23,Coimbatore,9,28,89,233,67,,9,77,116,0,Flu
2024-04-24,Coimbatore,63,30,67,444,128,,13,56,118,1,Cholera
2024-04-25,Coimbatore,76,32,64,370,88,,14,63,215,1,Cholera
2024-04-26,Coimbatore,60,29,80,397,112,,14,61,160,1,Cholera
2024-04-27,Coimbatore,77,28,91,227,34,,16,78,113,1,Cholera
2024-04-28,Coimbatore,74,30,71,147,39,33.0,14,86,44,1,Cholera
2024-04-29,Coimbatore,73,27,76,184,25,,14,82,40,1,Cholera
2024-01-01,Madurai,3,32,74,375,93,,7,63,146,0,Typhoid
2024-01-02,Madurai,79,28,90,109,27,,16,90,44,1,Cholera
2024-01-03,Madurai,62,32,85,232,24,,14,77,116,1,Cholera
2024-01-04,Madurai,58,31,88,382,82,,14,62,162,1,Cholera
2024-01-05,Madurai,98,32,93,187,30,,19,82,106,1,Dengue
2024-01-06,Madurai,47,29,75,580,94,,12,42,240,1,Respiratory Infection
2024-01-07,Madurai,91,31,80,153,37,70.0,17,85,59,1,Cholera
2024-01-08,Madurai,128,28,72,519,79,,20,49,213,1,Respiratory Infection
2024-01-09,Madurai,59,30,77,453,122,,13,55,192,1,Respiratory Infection
2024-01-10,Madurai,28,29,87,131,28,,11,87,58,0,Flu
2024-01-11,Madurai,28,32,93,137,27,,12,87,35,0,Flu
2024-01-12,Madurai,2,30,72,417,122,,7,59,133,0,Typhoid
2024-01-13,Madurai,127,32,83,173,19,,21,83,59,1,Dengue
2024-01-14,Madurai,37,28,72,234,67,48.0,10,77,70,0,Flu
2024-01-15,Madurai,61,30,72,528,139,,13,48,175,1,Respiratory Infection
2024-01-16,Madurai,114,32,65,217,51,,17,79,51,1,Cholera
2024-01-17,Madurai,30,31,82,266,62,,11,74,60,0,Typhoid
2024-01-18,Madurai,76,28,69,498,124,,14,51,287,1,Respiratory Infection
2024-01-19,Madurai,51,29,75,565,97,,12,44,264,1,Respiratory Infection
2024-01-20,Madurai,0,30,79,309,44,,7,70,179,0,Typhoid
2024-01-21,Madurai,109,27,85,497,91,132.0,19,51,121,1,Dengue
2024-01-22,Madurai,55,32,94,392,97,,14,61,102,1,Cholera
2024-01-23,Madurai,0,27,81,310,53,,8,69,71,0,Typhoid
2024-01-24,Madurai,82,30,74,154,42,,15,85,90,1,Cholera
2024-01-25,Madurai,140,29,74,568,98,,21,44,289,1,Respiratory Infection
2024-01-26,Madurai,80,32,68,498,136,,14,51,225,1,Respiratory Infection
2024-01-27,Madurai,41,29,89,268,50,,13,74,119,0,Typhoid
2024-01-28,Madurai,130,27,92,454,130,165.0,22,55,164,1,Dengue
2024-01-29,Madurai,27,31,65,373,42,,9,63,207,0,Typhoid
2024-01-30,Madurai,75,28,84,115,33,,15,89,66,1,Cholera
2024-01-31,Madurai,0,28,86,570,89,,8,43,128,1,Respiratory Infection
2024-02-01,Madurai,68,29,77,223,37,,14,78,116,1,Cholera
2024-02-02,Madurai,108,28,62,539,54,,17,47,175,1,Respiratory Infection
2024-02-03,Madurai,85,31,71,489,116,,15,52,242,1,Respiratory Infection
2024-02-04,Madurai,75,31,63,162,43,,13,84,90,1,Cholera
2024-02-05,Madurai,19,32,89,241,44,,10,76,127,0,Flu
2024-02-06,Madurai,57,30,80,416,109,,13,59,95,1,Cholera
2024-02-07,Madurai,68,28,81,499,134,105.0,14,51,172,1,Respiratory Infection
2024-02-08,Madurai,77,32,81,395,93,,15,61,175,1,Cholera
2024-02-09,Madurai,22,32,66,384,91,,8,62,185,0,Typhoid
2024-02-10,Madurai,91,30,71,227,29,,16,78,133,1,Cholera
2024-02-11,Madurai,5,27,82,321,50,,8,68,159,0,Typhoid
2024-02-12,Madurai,82,29,69,174,31,,15,83,65,1,Cholera
2024-02-13,Madurai,75,32,67,249,63,,14,76,73,1,Cholera
2024-02-14,Madurai,12,32,74,544,136,264.0,8,46,218,1,Respiratory Infection
2024-02-15,Madurai,109,30,91,400,84,,20,60,191,1,Dengue
2024-02-16,Madurai,73,27,92,547,102,,16,46,235,1,Respiratory Infection
2024-02-17,Madurai,14,31,61,475,52,,7,53,268,1,Respiratory Infection
2024-02-18,Madurai,82,29,88,453,92,,17,55,109,1,Dengue
2024-02-19,Madurai,43,31,90,447,59,,13,56,112,0,Typhoid
2024-02-20,Madurai,89,29,74,523,102,,16,48,309,1,Respiratory Infection
2024-02-21,Madurai,59,30,73,521,98,172.0,13,48,290,1,Respiratory Infection
2024-02-22,Madurai,95,29,72,122,15,,16,88,25,1,Cholera
2024-02-23,Madurai,86,32,90,582,166,,17,42,118,1,Dengue
2024-02-24,Madurai,96,30,80,505,79,,17,50,142,1,Respiratory Infection
2024-02-25,Madurai,101,29,67,503,143,,16,50,143,1,Respiratory Infection
2024-02-26,Madurai,88,32,76,275,74,,16,73,76,1,Cholera
2024-02-27,Madurai,31,30,92,440,87,,12,56,99,0,Typhoid
2024-02-28,Madurai,52,28,73,491,111,210.0,12,51,254,1,Respiratory Infection
2024-02-29,Madurai,100,28,84,454,76,,18,55,147,1,Dengue
2024-03-01,Madurai,0,32,74,383,51,,7,62,185,0,Typhoid
2024-03-02,Madurai,91,28,65,511,141,,15,49,194,1,Respiratory Infection
2024-03-03,Madurai,86,32,79,577,107,,16,43,120,1,Respiratory Infection
2024-03-04,Madurai,46,32,75,469,108,,12,54,245,1,Respiratory Infection
2024-03-05,Madurai,114,30,67,147,19,,18,86,31,1,Cholera
2024-03-06,Madurai,85,30,66,301,40,,15,70,91,1,Cholera
2024-03-07,Madurai,15,27,71,242,30,72.0,8,76,73,0,Flu
2024-03-08,Madurai,116,31,72,529,106,,18,48,277,1,Respiratory Infection
2024-03-09,Madurai,49,27,82,585,80,,13,42,147,1,Respiratory Infection
2024-03-10,Madurai,74,29,78,478,75,,15,53,230,1,Respiratory Infection
2024-03-11,Madurai,65,29,78,389,52,,14,62,198,1,Cholera
2024-03-12,Madurai,32,29,72,102,21,,10,90,56,0,Flu
2024-03-13,Madurai,65,30,86,108,20,,15,90,60,1,Cholera
2024-03-14,Madurai,47,28,85,300,30,143.0,13,70,163,0,Typhoid
2024-03-15,Madurai,38,31,74,361,50,,11,64,140,0,Typhoid
2024-03-16,Madurai,110,31,70,471,114,,18,53,172,1,Respiratory Infection
2024-03-17,Madurai,24,27,68,109,17,,9,90,47,0,Flu
2024-03-18,Madurai,42,29,71,290,54,,11,71,84,0,Typhoid
2024-03-19,Madurai,43,29,81,195,19,,12,81,85,0,Flu
2024-03-20,Madurai,14,32,75,110,18,,8,89,51,0,Flu
2024-03-21,Madurai,0,28,94,363,39,86.0,9,64,101,0,Typhoid
2024-03-22,Madurai,95,28,68,564,134,,16,44,321,1,Respiratory Infection
2024-03-23,Madurai,82,28,64,179,44,,14,83,69,1,Cholera
2024-03-24,Madurai,90,31,62,106,12,,15,90,52,1,Cholera
2024-03-25,Madurai,85,27,90,306,64,,17,70,107,1,Dengue
2024-03-26,Madurai,80,32,81,424,55,,16,58,197,1,Cholera
2024-03-27,Madurai,23,32,76,422,85,,9,58,187,0,Typhoid
2024-03-28,Madurai,20,28,71,307,74,147.0,9,70,128,0,Typhoid
2024-03-29,Madurai,88,29,65,476,82,,15,53,189,1,Respiratory Infection
2024-03-30,Madurai,98,28,61,405,85,,15,60,162,1,Cholera
2024-03-31,Madurai,0,29,71,414,53,,7,59,186,0,Typhoid
2024-04-01,Madurai,21,29,91,157,44,,11,85,48,0,Flu
2024-04-02,Madurai,112,29,78,374,42,,19,63,151,1,Cholera
2024-04-03,Madurai,86,28,78,437,61,,16,57,122,1,Cholera
2024-04-04,Madurai,117,27,78,591,89,,19,41,326,1,Respiratory Infection
2024-04-05,Madurai,64,30,91,275,31,,15,73,114,1,Cholera
2024-04-06,Madurai,65,27,79,418,50,,14,59,127,1,Cholera
2024-04-07,Madurai,11,32,88,524,78,146.0,9,48,188,1,Respiratory Infection
2024-04-08,Madurai,65,32,64,533,129,,12,47,211,1,Respiratory Infection
2024-04-09,Madurai,34,32,81,389,109,,11,62,227,0,Typhoid
2024-04-10,Madurai,12,32,67,400,103,,7,60,226,0,Typhoid
2024-04-11,Madurai,27,32,90,376,97,,11,63,177,0,Typhoid
2024-04-12,Madurai,37,27,66,130,27,,10,87,47,0,Flu
2024-04-13,Madurai,20,29,92,541,113,,11,46,288,1,Respiratory Infection
2024-04-14,Madurai,58,32,75,579,132,214.0,13,43,312,1,Respiratory Infection
2024-04-15,Madurai,12,28,70,240,26,,8,76,53,0,Flu
2024-04-16,Madurai,91,31,87,449,133,,17,56,206,1,Dengue
2024-04-17,Madurai,117,30,71,498,130,,18,51,234,1,Respiratory Infection
2024-04-18,Madurai,122,30,91,260,71,,21,74,97,1,Dengue
2024-04-19,Madurai,112,28,62,322,48,,17,68,69,1,Cholera
2024-04-20,Madurai,49,32,72,202,55,,12,80,69,0,Flu
2024-04-21,Madurai,84,30,82,258,27,68.0,16,75,89,1,Dengue
2024-04-22,Madurai,42,29,85,328,33,,12,68,169,0,Typhoid
2024-04-23,Madurai,86,28,72,464,55,,15,54,250,1,Respiratory Infection
2024-04-24,Madurai,0,29,64,587,99,,6,42,182,1,Respiratory Infection
2024-04-25,Madurai,140,27,67,395,78,,20,61,125,1,Cholera
2024-04-26,Madurai,23,30,75,253,42,,9,75,78,0,Typhoid
2024-04-27,Madurai,44,32,91,170,31,,13,83,71,0,Flu
2024-04-28,Madurai,101,32,87,113,15,42.0,18,89,25,1,Dengue
2024-04-29,Madurai,55,30,76,214,63,,13,79,101,1,Cholera
2024-01-01,Salem,8,33,88,466,90,,9,54,152,1,Respiratory Infection
2024-01-02,Salem,91,31,72,125,20,,16,88,72,1,Cholera
2024-01-03,Salem,130,31,66,224,44,,19,78,63,1,Cholera
2024-01-04,Salem,80,30,89,219,23,,16,79,82,1,Cholera
2024-01-05,Salem,79,35,93,151,39,,17,85,89,1,Cholera
2024-01-06,Salem,63,32,63,468,52,,12,54,222,1,Respiratory Infection
2024-01-07,Salem,38,30,77,526,95,244.0,11,48,178,1,Respiratory Infection
2024-01-08,Salem,80,35,82,298,82,,16,71,120,1,Cholera
2024-01-09,Salem,22,30,77,252,41,,9,75,145,0,Typhoid
2024-01-10,Salem,87,35,82,285,54,,16,72,100,1,Dengue
2024-01-11,Salem,55,33,64,572,116,,11,43,201,1,Respiratory Infection
2024-01-12,Salem,66,31,93,354,94,,15,65,147,1,Cholera
2024-01-13,Salem,97,31,77,570,81,,17,43,188,1,Respiratory Infection
2024-01-14,Salem,134,33,83,494,50,153.0,21,51,248,1,Dengue
2024-01-15,Salem,0,32,82,462,124,,8,54,175,1,Respiratory Infection
2024-01-16,Salem,38,31,60,246,46,,9,76,138,0,Flu
2024-01-17,Salem,52,33,88,294,39,,14,71,131,1,Cholera
2024-01-18,Salem,102,30,93,388,86,,19,62,77,1,Dengue
2024-01-19,Salem,110,33,84,201,30,,19,80,40,1,Dengue
2024-01-20,Salem,68,32,76,192,29,,14,81,44,1,Cholera
2024-01-21,Salem,92,30,83,457,124,149.0,17,55,137,1,Dengue
2024-01-22,Salem,3,33,93,567,92,,9,44,113,1,Respiratory Infection
2024-01-23,Salem,60,33,82,558,163,,14,45,228,1,Respiratory Infection
2024-01-24,Salem,12,32,73,211,21,,8,79,88,0,Flu
2024-01-25,Salem,2,35,86,586,140,,8,42,284,1,Respiratory Infection
2024-01-26,Salem,88,31,76,522,154,,16,48,156,1,Respiratory Infection
2024-01-27,Salem,119,34,70,234,48,,18,77,62,1,Cholera
2024-01-28,Salem,0,32,81,539,97,228.0,8,47,131,1,Respiratory Infection
2024-01-29,Salem,23,33,69,232,55,,9,77,100,0,Flu
2024-01-30,Salem,0,33,79,509,120,,7,50,174,1,Respiratory Infection
2024-01-31,Salem,74,30,63,575,75,,13,43,186,1,Respiratory Infection
2024-02-01,Salem,7,30,69,514,80,,7,49,262,1,Respiratory Infection
2024-02-02,Salem,66,31,84,535,140,,15,47,175,1,Respiratory Infection
2024-02-03,Salem,61,33,77,414,123,,13,59,102,1,Cholera
2024-02-04,Salem,14,30,90,588,113,,10,42,271,1,Respiratory Infection
2024-02-05,Salem,16,32,91,413,96,,10,59,107,0,Typhoid
2024-02-06,Salem,68,35,93,520,86,,16,48,259,1,Respiratory Infection
2024-02-07,Salem,61,35,75,586,99,192.0,13,42,323,1,Respiratory Infection
2024-02-08,Salem,91,32,86,362,66,,17,64,208,1,Dengue
2024-02-09,Salem,77,32,68,317,43,,14,69,148,1,Cholera
2024-02-10,Salem,36,34,65,130,15,,10,87,64,0,Flu
2024-02-11,Salem,71,35,76,335,57,,14,67,131,1,Cholera
2024-02-12,Salem,41,34,60,485,52,,10,52,134,1,Respiratory Infection
2024-02-13,Salem,37,32,70,312,36,,10,69,81,0,Typhoid
2024-02-14,Salem,67,32,62,303,41,134.0,12,70,110,1,Cholera
2024-02-15,Salem,146,30,74,556,112,,22,45,180,1,Respiratory Infection
2024-02-16,Salem,42,35,94,485,138,,13,52,228,1,Respiratory Infection
2024-02-17,Salem,134,31,87,518,123,,22,49,216,1,Dengue
2024-02-18,Salem,56,31,85,378,52,,14,63,194,1,Cholera
2024-02-19,Salem,68,33,64,276,65,,13,73,101,1,Cholera
2024-02-20,Salem,96,31,94,150,25,,19,85,70,1,Dengue
2024-02-21,Salem,84,34,69,426,99,205.0,15,58,195,1,Cholera
2024-02-22,Salem,70,33,64,293,40,,13,71,69,1,Cholera
2024-02-23,Salem,51,32,91,524,91,,14,48,185,1,Respiratory Infection
2024-02-24,Salem,81,33,81,429,70,,16,58,246,1,Dengue
2024-02-25,Salem,28,35,79,117,27,,10,89,62,0,Flu
2024-02-26,Salem,0,33,65,212,51,,6,79,63,0,Flu
2024-02-27,Salem,72,35,60,463,104,,13,54,228,1,Respiratory Infection
2024-02-28,Salem,53,31,86,510,87,191.0,13,49,117,1,Respiratory Infection
2024-02-29,Salem,45,31,61,164,38,,10,84,79,0,Flu
2024-03-01,Salem,79,32,63,352,102,,14,65,70,1,Cholera
2024-03-02,Salem,108,32,65,166,23,,17,84,55,1,Cholera
2024-03-03,Salem,53,31,75,574,127,,12,43,154,1,Respiratory Infection
2024-03-04,Salem,72,35,94,309,68,,16,70,162,1,Cholera
2024-03-05,Salem,114,30,68,139,29,,18,87,65,1,Cholera
2024-03-06,Salem,83,33,68,589,160,,15,42,164,1,Respiratory Infection
2024-03-07,Salem,0,32,68,452,73,120.0,6,55,98,1,Respiratory Infection
2024-03-08,Salem,15,30,80,397,115,,9,61,151,0,Typhoid
2024-03-09,Salem,40,35,78,355,94,,11,65,102,0,Typhoid
2024-03-10,Salem,118,31,73,114,12,,19,89,50,1,Cholera
2024-03-11,Salem,0,31,76,112,29,,7,89,38,0,Flu
2024-03-12,Salem,49,35,86,158,45,,13,85,55,0,Flu
2024-03-13,Salem,54,30,80,311,54,,13,69,153,1,Cholera
2024-03-14,Salem,112,31,62,206,58,87.0,17,80,87,1,Cholera
2024-03-15,Salem,21,31,92,350,51,,11,65,207,0,Typhoid
2024-03-16,Salem,31,35,81,414,61,,11,59,236,0,Typhoid
2024-03-17,Salem,22,33,87,508,56,,10,50,223,1,Respiratory Infection
2024-03-18,Salem,41,35,61,323,69,,10,68,187,0,Typhoid
2024-03-19,Salem,102,31,78,257,62,,18,75,144,1,Cholera
2024-03-20,Salem,0,30,82,107,20,,8,90,29,0,Flu
2024-03-21,Salem,31,32,78,164,32,56.0,10,84,73,0,Flu
2024-03-22,Salem,63,33,93,199,34,,15,81,76,1,Cholera
2024-03-23,Salem,69,34,77,593,128,,14,41,326,1,Respiratory Infection
2024-03-24,Salem,86,33,87,493,84,,17,51,122,1,Dengue
2024-03-25,Salem,23,34,60,570,86,,8,43,260,1,Respiratory Infection
2024-03-26,Salem,112,35,75,540,105,,18,46,287,1,Respiratory Infection
2024-03-27,Salem,117,31,81,358,71,,19,65,165,1,Dengue
2024-03-28,Salem,17,34,89,408,46,126.0,10,60,115,0,Typhoid
2024-03-29,Salem,53,33,75,254,57,,12,75,86,1,Cholera
2024-03-30,Salem,68,35,76,156,33,,14,85,88,1,Cholera
2024-03-31,Salem,46,32,85,143,35,,13,86,55,0,Flu
2024-04-01,Salem,80,34,64,267,51,,14,74,60,1,Cholera
2024-04-02,Salem,0,34,70,487,96,,7,52,173,1,Respiratory Infection
2024-04-03,Salem,91,34,76,490,139,,16,51,149,1,Respiratory Infection
2024-04-04,Salem,47,34,89,158,24,,13,85,41,0,Flu
2024-04-05,Salem,112,30,89,122,32,,20,88,41,1,Dengue
2024-04-06,Salem,76,30,74,101,20,,15,90,48,1,Cholera
2024-04-07,Salem,53,30,74,256,63,107.0,12,75,68,1,Cholera
2024-04-08,Salem,0,33,63,337,38,,6,67,142,0,Typhoid
2024-04-09,Salem,35,35,72,254,69,,10,75,145,0,Typhoid
2024-04-10,Salem,43,30,80,346,91,,12,66,177,0,Typhoid
2024-04-11,Salem,8,35,63,566,164,,7,44,252,1,Respiratory Infection
2024-04-12,Salem,43,32,94,270,68,,13,73,117,0,Typhoid
2024-04-13,Salem,36,30,74,110,27,,11,89,36,0,Flu
2024-04-14,Salem,0,34,73,593,68,282.0,7,41,123,1,Respiratory Infection
2024-04-15,Salem,25,35,73,355,51,,9,65,192,0,Typhoid
2024-04-16,Salem,55,34,77,229,33,,13,78,133,1,Cholera
2024-04-17,Salem,82,30,76,509,130,,15,50,275,1,Respiratory Infection
2024-04-18,Salem,97,32,84,596,122,,18,41,192,1,Dengue
2024-04-19,Salem,78,31,76,531,81,,15,47,193,1,Respiratory Infection
2024-04-20,Salem,55,31,92,234,58,,14,77,72,1,Cholera
2024-04-21,Salem,37,30,73,154,39,52.0,11,85,44,0,Flu
2024-04-22,Salem,65,32,83,130,24,,14,87,76,1,Cholera
2024-04-23,Salem,34,32,82,146,31,,11,86,64,0,Flu
2024-04-24,Salem,98,33,70,111,28,,16,89,35,1,Cholera
2024-04-25,Salem,118,35,86,524,105,,20,48,252,1,Dengue
2024-04-26,Salem,6,33,82,321,76,,8,68,134,0,Typhoid
2024-04-27,Salem,72,34,74,531,119,,14,47,264,1,Respiratory Infection
2024-04-28,Salem,109,35,66,580,139,288.0,17,42,298,1,Respiratory Infection
2024-04-29,Salem,45,34,94,105,20,,13,90,25,0,Flu
2024-01-01,Trichy,27,35,61,317,37,,8,69,98,0,Typhoid
2024-01-02,Trichy,59,31,78,323,71,,13,68,160,1,Cholera
2024-01-03,Trichy,65,32,70,350,67,,13,65,164,1,Cholera
2024-01-04,Trichy,76,33,91,125,14,,16,88,44,1,Cholera
2024-01-05,Trichy,37,33,73,523,79,,11,48,272,1,Respiratory Infection
2024-01-06,Trichy,0,31,92,238,38,,9,77,125,0,Flu
2024-01-07,Trichy,48,34,84,511,51,214.0,13,49,197,1,Respiratory Infection
2024-01-08,Trichy,19,34,90,263,72,,10,74,82,0,Typhoid
2024-01-09,Trichy,27,30,88,208,52,,11,80,90,0,Flu
2024-01-10,Trichy,55,32,78,204,36,,13,80,63,1,Cholera
2024-01-11,Trichy,28,32,90,487,87,,11,52,127,1,Respiratory Infection
2024-01-12,Trichy,34,30,63,268,29,,9,74,60,0,Typhoid
2024-01-13,Trichy,36,30,66,276,40,,10,73,86,0,Typhoid
2024-01-14,Trichy,74,30,67,256,41,92.0,14,75,117,1,Cholera
2024-01-15,Trichy,59,33,75,377,51,,13,63,116,1,Cholera
2024-01-16,Trichy,161,35,85,323,68,,24,68,68,1,Dengue
2024-01-17,Trichy,45,35,67,448,89,,11,56,215,0,Typhoid
2024-01-18,Trichy,73,35,60,575,105,,13,43,117,1,Respiratory Infection
2024-01-19,Trichy,108,35,62,248,47,,17,76,123,1,Cholera
2024-01-20,Trichy,92,34,84,537,101,,17,47,205,1,Dengue
2024-01-21,Trichy,1,31,94,563,128,163.0,9,44,194,1,Respiratory Infection
2024-01-22,Trichy,58,34,82,500,142,,14,50,154,1,Respiratory Infection
2024-01-23,Trichy,89,33,87,546,131,,17,46,166,1,Dengue
2024-01-24,Trichy,106,35,93,189,26,,19,82,47,1,Dengue
2024-01-25,Trichy,72,33,85,349,44,,15,66,117,1,Cholera
2024-01-26,Trichy,94,35,73,270,66,,16,73,89,1,Cholera
2024-01-27,Trichy,0,33,75,169,24,,7,84,34,0,Flu
2024-01-28,Trichy,82,31,83,566,112,207.0,16,44,288,1,Dengue
2024-01-29,Trichy,82,35,73,131,35,,15,87,51,1,Cholera
2024-01-30,Trichy,53,32,75,441,58,,12,56,167,1,Cholera
2024-01-31,Trichy,89,34,75,220,42,,16,78,47,1,Cholera
2024-02-01,Trichy,63,31,68,424,47,,13,58,189,1,Cholera
2024-02-02,Trichy,108,30,83,423,80,,19,58,141,1,Dengue
2024-02-03,Trichy,26,30,71,276,74,,9,73,136,0,Typhoid
2024-02-04,Trichy,34,30,77,415,115,,11,59,135,0,Typhoid
2024-02-05,Trichy,22,33,66,373,92,,8,63,117,0,Typhoid
2024-02-06,Trichy,54,33,85,236,35,,13,77,58,1,Cholera
2024-02-07,Trichy,0,30,80,200,26,60.0,8,80,44,0,Flu
2024-02-08,Trichy,61,35,63,490,144,,12,51,158,1,Respiratory Infection
2024-02-09,Trichy,71,33,60,303,88,,13,70,149,1,Cholera
2024-02-10,Trichy,98,30,61,376,46,,15,63,121,1,Cholera
2024-02-11,Trichy,12,35,70,200,20,,8,80,108,0,Flu
2024-02-12,Trichy,79,30,84,488,108,,16,52,232,1,Respiratory Infection
2024-02-13,Trichy,23,35,90,441,71,,11,56,88,0,Typhoid
2024-02-14,Trichy,18,35,92,343,87,84.0,11,66,115,0,Typhoid
2024-02-15,Trichy,52,35,65,160,16,,11,84,94,1,Cholera
2024-02-16,Trichy,79,31,65,386,65,,14,62,125,1,Cholera
2024-02-17,Trichy,119,35,71,296,36,,19,71,117,1,Cholera
2024-02-18,Trichy,150,32,61,118,24,,21,89,48,1,Cholera
2024-02-19,Trichy,72,31,91,545,127,,16,46,142,1,Respiratory Infection
2024-02-20,Trichy,60,35,64,457,129,,12,55,265,1,Respiratory Infection
2024-02-21,Trichy,59,34,69,421,109,174.0,12,58,177,1,Cholera
2024-02-22,Trichy,38,30,87,411,60,,12,59,143,0,Typhoid
2024-02-23,Trichy,87,35,65,434,103,,15,57,251,1,Cholera
2024-02-24,Trichy,46,34,69,593,66,,11,41,234,1,Respiratory Infection
2024-02-25,Trichy,102,31,90,504,123,,19,50,284,1,Dengue
2024-02-26,Trichy,15,32,72,593,175,,8,41,314,1,Respiratory Infection
2024-02-27,Trichy,15,35,81,415,99,,9,59,192,0,Typhoid
2024-02-28,Trichy,71,33,62,450,99,127.0,13,55,132,1,Cholera
2024-02-29,Trichy,66,30,84,392,71,,15,61,119,1,Cholera
2024-03-01,Trichy,40,33,82,270,47,,12,73,105,0,Typhoid
2024-03-02,Trichy,68,33,83,232,60,,15,77,48,1,Cholera
2024-03-03,Trichy,124,33,92,360,71,,21,64,132,1,Dengue
2024-03-04,Trichy,69,35,73,406,101,,14,60,88,1,Cholera
2024-03-05,Trichy,78,32,78,191,51,,15,81,98,1,Cholera
2024-03-06,Trichy,91,33,90,484,77,,18,52,187,1,Dengue
2024-03-07,Trichy,0,34,64,232,41,53.0,6,77,127,0,Flu
2024-03-08,Trichy,14,33,76,188,23,,9,82,88,0,Flu
2024-03-09,Trichy,0,33,82,305,55,,8,70,174,0,Typhoid
2024-03-10,Trichy,78,34,90,418,79,,16,59,102,1,Cholera
2024-03-11,Trichy,125,35,60,263,47,,18,74,147,1,Cholera
2024-03-12,Trichy,77,32,70,182,18,,14,82,74,1,Cholera
2024-03-13,Trichy,63,34,87,267,53,,15,74,107,1,Cholera
2024-03-14,Trichy,49,32,90,354,86,105.0,13,65,198,0,Typhoid
2024-03-15,Trichy,89,30,92,522,151,,18,48,143,1,Dengue
2024-03-16,Trichy,68,34,72,456,128,,14,55,203,1,Respiratory Infection
2024-03-17,Trichy,60,30,85,542,82,,14,46,158,1,Respiratory Infection
2024-03-18,Trichy,60,35,85,366,109,,14,64,94,1,Cholera
2024-03-19,Trichy,0,30,68,291,62,,6,71,147,0,Typhoid
2024-03-20,Trichy,39,31,93,138,32,,13,87,76,0,Flu
2024-03-21,Trichy,24,31,60,579,73,197.0,8,43,219,1,Respiratory Infection
2024-03-22,Trichy,57,33,81,573,90,,13,43,214,1,Respiratory Infection
2024-03-23,Trichy,67,31,77,221,27,,14,78,96,1,Cholera
2024-03-24,Trichy,57,35,77,150,15,,13,85,52,1,Cholera
2024-03-25,Trichy,30,32,90,188,34,,12,82,110,0,Flu
2024-03-26,Trichy,58,34,66,264,49,,12,74,144,1,Cholera
2024-03-27,Trichy,11,31,64,350,74,,7,65,206,0,Typhoid
2024-03-28,Trichy,90,34,79,325,40,128.0,16,68,183,1,Cholera
2024-03-29,Trichy,29,30,76,171,21,,10,83,38,0,Flu
2024-03-30,Trichy,69,35,62,238,56,,13,77,127,1,Cholera
2024-03-31,Trichy,7,35,66,187,43,,7,82,92,0,Flu
2024-04-01,Trichy,42,34,80,210,34,,12,79,54,0,Flu
2024-04-02,Trichy,70,32,94,253,28,,16,75,116,1,Cholera
2024-04-03,Trichy,34,34,92,253,71,,12,75,69,0,Typhoid
2024-04-04,Trichy,49,35,84,400,76,,13,60,220,0,Typhoid
2024-04-05,Trichy,92,34,71,475,124,,16,53,149,1,Respiratory Infection
2024-04-06,Trichy,96,35,88,597,118,,18,41,211,1,Dengue
2024-04-07,Trichy,125,34,62,183,52,62.0,18,82,87,1,Cholera
2024-04-08,Trichy,81,30,94,298,54,,17,71,107,1,Dengue
2024-04-09,Trichy,97,34,76,343,69,,17,66,150,1,Cholera
2024-04-10,Trichy,29,33,73,535,100,,10,47,153,1,Respiratory Infection
2024-04-11,Trichy,120,34,72,225,61,,19,78,95,1,Cholera
2024-04-12,Trichy,134,32,77,549,65,,21,46,300,1,Respiratory Infection
2024-04-13,Trichy,12,31,63,439,73,,7,57,138,0,Typhoid
2024-04-14,Trichy,96,33,76,104,26,40.0,17,90,58,1,Cholera
2024-04-15,Trichy,51,35,77,596,169,,12,41,209,1,Respiratory Infection
2024-04-16,Trichy,36,31,63,177,35,,9,83,51,0,Flu
2024-04-17,Trichy,128,32,91,403,55,,21,60,126,1,Dengue
2024-04-18,Trichy,82,35,67,426,57,,14,58,138,1,Cholera
2024-04-19,Trichy,20,31,77,361,48,,9,64,183,0,Typhoid
2024-04-20,Trichy,89,30,79,408,72,,16,60,167,1,Cholera
2024-04-21,Trichy,6,32,89,192,38,59.0,9,81,48,0,Flu
2024-04-22,Trichy,50,32,93,200,31,,14,80,60,0,Flu
2024-04-23,Trichy,68,32,88,159,22,,15,85,57,1,Cholera
2024-04-24,Trichy,46,32,74,306,69,,12,70,155,0,Typhoid
2024-04-25,Trichy,115,33,77,201,37,,19,80,103,1,Cholera
2024-04-26,Trichy,19,34,76,139,41,,9,87,41,0,Flu
2024-04-27,Trichy,20,34,87,205,22,,10,80,103,0,Flu
2024-04-28,Trichy,118,32,86,358,75,146.0,20,65,96,1,Dengue
2024-04-29,Trichy,130,35,69,423,44,,19,58,164,1,Cholera
2024-01-01,Tirunelveli,80,31,81,559,59,,16,45,162,1,Respiratory Infection
2024-01-02,Tirunelveli,88,28,63,396,98,,15,61,208,1,Cholera
2024-01-03,Tirunelveli,142,29,62,257,44,,20,75,115,1,Cholera
2024-01-04,Tirunelveli,75,30,83,158,28,,15,85,34,1,Cholera
2024-01-05,Tirunelveli,166,33,75,519,51,,24,49,224,1,Respiratory Infection
2024-01-06,Tirunelveli,59,31,86,193,29,,14,81,110,1,Cholera
2024-01-07,Tirunelveli,118,30,92,115,22,28.0,21,89,42,1,Dengue
2024-01-08,Tirunelveli,38,33,80,200,20,,11,80,101,0,Flu
2024-01-09,Tirunelveli,0,32,64,264,69,,6,74,103,0,Typhoid
2024-01-10,Tirunelveli,47,30,65,162,33,,11,84,61,0,Flu
2024-01-11,Tirunelveli,96,33,86,568,105,,18,44,303,1,Dengue
2024-01-12,Tirunelveli,10,29,91,141,15,,10,86,78,0,Flu
2024-01-13,Tirunelveli,109,32,86,586,91,,19,42,179,1,Dengue
2024-01-14,Tirunelveli,93,28,91,331,71,140.0,18,67,90,1,Dengue
2024-01-15,Tirunelveli,51,33,92,463,90,,14,54,184,1,Respiratory Infection
2024-01-16,Tirunelveli,59,28,74,262,71,,13,74,57,1,Cholera
2024-01-17,Tirunelveli,76,29,67,434,88,,14,57,174,1,Cholera
2024-01-18,Tirunelveli,40,30,77,446,113,,11,56,208,0,Typhoid
2024-01-19,Tirunelveli,36,33,63,319,74,,9,69,110,0,Typhoid
2024-01-20,Tirunelveli,52,29,64,468,74,,11,54,101,1,Respiratory Infection
2024-01-21,Tirunelveli,116,29,94,321,77,89.0,21,68,136,1,Dengue
2024-01-22,Tirunelveli,30,33,79,321,67,,10,68,76,0,Typhoid
2024-01-23,Tirunelveli,123,31,93,225,64,,21,78,82,1,Dengue
2024-01-24,Tirunelveli,44,29,80,367,54,,12,64,96,0,Typhoid
2024-01-25,Tirunelveli,54,32,63,503,87,,11,50,189,1,Respiratory Infection
2024-01-26,Tirunelveli,35,33,74,400,103,,10,60,222,0,Typhoid
2024-01-27,Tirunelveli,0,32,86,326,77,,8,68,73,0,Typhoid
2024-01-28,Tirunelveli,57,29,65,509,111,240.0,12,50,154,1,Respiratory Infection
2024-01-29,Tirunelveli,56,33,61,509,149,,11,50,140,1,Respiratory Infection
2024-01-30,Tirunelveli,70,30,86,122,22,,15,88,28,1,Cholera
2024-01-31,Tirunelveli,35,29,77,103,28,,11,90,24,0,Flu
2024-02-01,Tirunelveli,33,29,66,382,102,,9,62,175,0,Typhoid
2024-02-02,Tirunelveli,78,32,85,309,33,,16,70,122,1,Cholera
2024-02-03,Tirunelveli,43,32,93,465,124,,13,54,108,1,Respiratory Infection
2024-02-04,Tirunelveli,134,31,64,159,22,,19,85,52,1,Cholera
2024-02-05,Tirunelveli,78,33,70,582,101,,14,42,309,1,Respiratory Infection
2024-02-06,Tirunelveli,4,31,90,159,32,,9,85,75,0,Flu
2024-02-07,Tirunelveli,70,29,66,577,63,154.0,13,43,278,1,Respiratory Infection
2024-02-08,Tirunelveli,0,29,83,285,36,,8,72,127,0,Typhoid
2024-02-09,Tirunelveli,8,33,78,398,57,,8,61,204,0,Typhoid
2024-02-10,Tirunelveli,52,31,61,537,76,,11,47,217,1,Respiratory Infection
2024-02-11,Tirunelveli,0,28,88,283,66,,8,72,168,0,Typhoid
2024-02-12,Tirunelveli,21,31,77,431,51,,9,57,155,0,Typhoid
2024-02-13,Tirunelveli,78,31,92,109,32,,17,90,55,1,Cholera
2024-02-14,Tirunelveli,113,29,67,593,157,188.0,18,41,349,1,Respiratory Infection
2024-02-15,Tirunelveli,75,31,60,100,10,,13,90,22,1,Cholera
2024-02-16,Tirunelveli,45,30,86,482,61,,13,52,159,1,Respiratory Infection
2024-02-17,Tirunelveli,13,29,69,153,19,,8,85,58,0,Flu
2024-02-18,Tirunelveli,58,30,66,145,30,,12,86,70,1,Cholera
2024-02-19,Tirunelveli,7,31,80,415,122,,8,59,222,0,Typhoid
2024-02-20,Tirunelveli,53,31,85,537,103,,13,47,184,1,Respiratory Infection
2024-02-21,Tirunelveli,19,29,81,478,113,109.0,10,53,185,1,Respiratory Infection
2024-02-22,Tirunelveli,54,29,62,357,86,,11,65,142,1,Cholera
2024-02-23,Tirunelveli,97,33,68,225,45,,16,78,58,1,Cholera
2024-02-24,Tirunelveli,71,29,74,547,71,,14,46,283,1,Respiratory Infection
2024-02-25,Tirunelveli,53,31,78,246,60,,13,76,146,1,Cholera
2024-02-26,Tirunelveli,30,29,77,567,160,,10,44,173,1,Respiratory Infection
2024-02-27,Tirunelveli,90,33,71,553,149,,16,45,184,1,Respiratory Infection
2024-02-28,Tirunelveli,53,30,89,270,46,123.0,14,73,69,1,Cholera
2024-02-29,Tirunelveli,96,28,67,198,47,,16,81,41,1,Cholera
2024-03-01,Tirunelveli,89,33,85,475,75,,17,53,104,1,Dengue
2024-03-02,Tirunelveli,36,29,75,242,59,,11,76,136,0,Flu
2024-03-03,Tirunelveli,23,29,93,458,123,,11,55,253,1,Respiratory Infection
2024-03-04,Tirunelveli,47,32,76,213,55,,12,79,95,0,Flu
2024-03-05,Tirunelveli,0,33,92,521,133,,9,48,285,1,Respiratory Infection
2024-03-06,Tirunelveli,61,32,84,353,78,,14,65,157,1,Cholera
2024-03-07,Tirunelveli,8,33,60,345,54,126.0,6,66,186,0,Typhoid
2024-03-08,Tirunelveli,35,33,84,464,110,,11,54,190,1,Respiratory Infection
2024-03-09,Tirunelveli,81,30,70,464,49,,15,54,124,1,Respiratory Infection
2024-03-10,Tirunelveli,51,30,69,409,94,,12,60,181,1,Cholera
2024-03-11,Tirunelveli,62,30,83,227,46,,14,78,56,1,Cholera
2024-03-12,Tirunelveli,0,32,86,408,85,,8,60,101,0,Typhoid
2024-03-13,Tirunelveli,87,31,74,357,82,,16,65,179,1,Cholera
2024-03-14,Tirunelveli,75,30,78,585,92,152.0,15,42,138,1,Respiratory Infection
2024-03-15,Tirunelveli,147,33,77,330,36,,22,67,67,1,Cholera
2024-03-16,Tirunelveli,23,31,60,255,68,,8,75,86,0,Typhoid
2024-03-17,Tirunelveli,75,28,66,402,64,,14,60,160,1,Cholera
2024-03-18,Tirunelveli,46,28,83,181,31,,12,82,44,0,Flu
2024-03-19,Tirunelveli,86,29,67,124,31,,15,88,33,1,Cholera
2024-03-20,Tirunelveli,11,29,90,124,20,,10,88,51,0,Flu
2024-03-21,Tirunelveli,24,28,71,206,39,99.0,9,80,64,0,Flu
2024-03-22,Tirunelveli,33,32,83,573,170,,11,43,142,1,Respiratory Infection
2024-03-23,Tirunelveli,35,28,81,266,75,,11,74,64,0,Typhoid
2024-03-24,Tirunelveli,114,30,90,125,27,,20,88,69,1,Dengue
2024-03-25,Tirunelveli,51,28,63,459,96,,11,55,250,1,Respiratory Infection
2024-03-26,Tirunelveli,58,31,60,145,22,,11,86,45,1,Cholera
2024-03-27,Tirunelveli,27,32,78,479,92,,10,53,212,1,Respiratory Infection
2024-03-28,Tirunelveli,30,32,76,293,86,143.0,10,71,107,0,Typhoid
2024-03-29,Tirunelveli,94,28,83,209,33,,17,80,49,1,Dengue
2024-03-30,Tirunelveli,122,29,72,383,114,,19,62,186,1,Cholera
2024-03-31,Tirunelveli,87,32,84,457,100,,17,55,168,1,Dengue
2024-04-01,Tirunelveli,51,30,60,369,102,,11,64,196,1,Cholera
2024-04-02,Tirunelveli,61,28,87,447,46,,14,56,193,1,Cholera
2024-04-03,Tirunelveli,17,29,91,352,100,,10,65,189,0,Typhoid
2024-04-04,Tirunelveli,49,31,75,440,128,,12,56,167,0,Typhoid
2024-04-05,Tirunelveli,65,29,74,597,108,,13,41,346,1,Respiratory Infection
2024-04-06,Tirunelveli,49,33,62,598,152,,11,41,338,1,Respiratory Infection
2024-04-07,Tirunelveli,22,29,65,197,55,80.0,8,81,57,0,Flu
2024-04-08,Tirunelveli,29,32,84,554,138,,11,45,213,1,Respiratory Infection
2024-04-09,Tirunelveli,28,32,83,488,94,,11,52,275,1,Respiratory Infection
2024-04-10,Tirunelveli,90,29,72,370,92,,16,63,131,1,Cholera
2024-04-11,Tirunelveli,52,28,63,345,57,,11,66,97,1,Cholera
2024-04-12,Tirunelveli,36,33,68,180,47,,10,82,45,0,Flu
2024-04-13,Tirunelveli,28,29,76,396,98,,10,61,204,0,Typhoid
2024-04-14,Tirunelveli,132,31,75,272,48,63.0,20,73,116,1,Cholera
2024-04-15,Tirunelveli,69,28,74,169,18,,14,84,66,1,Cholera
2024-04-16,Tirunelveli,33,33,76,240,67,,10,76,114,0,Flu
2024-04-17,Tirunelveli,8,29,61,241,52,,6,76,53,0,Flu
2024-04-18,Tirunelveli,88,30,91,100,16,,17,90,50,1,Dengue
2024-04-19,Tirunelveli,109,28,81,476,49,,19,53,162,1,Dengue
2024-04-20,Tirunelveli,91,31,77,567,83,,16,44,232,1,Respiratory Infection
2024-04-21,Tirunelveli,102,28,61,320,72,70.0,16,68,90,1,Cholera
2024-04-22,Tirunelveli,110,33,68,175,19,,17,83,77,1,Cholera
2024-04-23,Tirunelveli,101,31,68,399,43,,16,61,207,1,Cholera
2024-04-24,Tirunelveli,74,32,87,504,82,,16,50,115,1,Respiratory Infection
2024-04-25,Tirunelveli,70,32,94,558,140,,16,45,293,1,Respiratory Infection
2024-04-26,Tirunelveli,68,30,77,114,25,,14,89,24,1,Cholera
2024-04-27,Tirunelveli,62,30,85,116,12,,14,89,63,1,Cholera
2024-04-28,Tirunelveli,164,28,85,431,114,91.0,24,57,171,1,Dengue
2024-04-29,Tirunelveli,71,31,61,332,65,,13,67,131,1,Cholera
2024-01-01,Erode,45,33,86,292,66,,13,71,77,0,Typhoid
2024-01-02,Erode,41,33,79,598,127,,12,41,350,1,Respiratory Infection
2024-01-03,Erode,6,33,87,196,27,,9,81,52,0,Flu
2024-01-04,Erode,105,32,64,281,77,,16,72,68,1,Cholera
2024-01-05,Erode,30,30,87,496,51,,11,51,156,1,Respiratory Infection
2024-01-06,Erode,67,33,76,565,125,,14,44,287,1,Respiratory Infection
2024-01-07,Erode,108,32,75,471,134,223.0,18,53,133,1,Respiratory Infection
2024-01-08,Erode,104,30,73,507,136,,17,50,245,1,Respiratory Infection
2024-01-09,Erode,19,32,67,146,37,,8,86,35,0,Flu
2024-01-10,Erode,60,29,72,348,101,,13,66,179,1,Cholera
2024-01-11,Erode,133,32,66,274,27,,19,73,120,1,Cholera
2024-01-12,Erode,121,31,69,574,162,,19,43,238,1,Respiratory Infection
2024-01-13,Erode,16,30,76,118,35,,9,89,44,0,Flu
2024-01-14,Erode,137,30,68,190,55,63.0,20,81,68,1,Cholera
2024-01-15,Erode,37,31,67,423,110,,10,58,199,0,Typhoid
2024-01-16,Erode,44,30,60,561,66,,10,44,262,1,Respiratory Infection
2024-01-17,Erode,58,32,75,140,40,,13,86,44,1,Cholera
2024-01-18,Erode,0,33,70,406,52,,7,60,225,0,Typhoid
2024-01-19,Erode,57,34,81,395,104,,13,61,94,1,Cholera
2024-01-20,Erode,69,32,67,438,130,,13,57,246,1,Cholera
2024-01-21,Erode,64,34,62,119,13,44.0,12,89,29,1,Cholera
2024-01-22,Erode,83,34,79,347,97,,16,66,91,1,Cholera
2024-01-23,Erode,46,33,73,584,84,,11,42,250,1,Respiratory Infection
2024-01-24,Erode,68,32,84,100,26,,15,90,35,1,Cholera
2024-01-25,Erode,79,33,83,353,85,,16,65,205,1,Cholera
2024-01-26,Erode,39,30,64,488,80,,10,52,260,1,Respiratory Infection
2024-01-27,Erode,129,29,75,260,60,,20,74,127,1,Cholera
2024-01-28,Erode,35,31,63,455,116,204.0,9,55,232,1,Respiratory Infection
2024-01-29,Erode,27,30,84,234,23,,11,77,69,0,Flu
2024-01-30,Erode,57,32,77,261,60,,13,74,109,1,Cholera
2024-01-31,Erode,90,30,63,590,128,,15,41,268,1,Respiratory Infection
2024-02-01,Erode,20,33,63,427,108,,8,58,196,0,Typhoid
2024-02-02,Erode,106,29,83,596,152,,18,41,315,1,Dengue
2024-02-03,Erode,22,34,73,270,39,,9,73,105,0,Typhoid
2024-02-04,Erode,73,33,75,172,28,,14,83,57,1,Cholera
2024-02-05,Erode,91,33,68,434,96,,15,57,243,1,Cholera
2024-02-06,Erode,52,32,91,196,50,,14,81,91,1,Cholera
2024-02-07,Erode,13,33,88,564,119,211.0,10,44,177,1,Respiratory Infection
2024-02-08,Erode,113,31,88,264,61,,20,74,133,1,Dengue
2024-02-09,Erode,0,29,87,328,55,,8,68,108,0,Typhoid
2024-02-10,Erode,28,31,77,571,104,,10,43,221,1,Respiratory Infection
2024-02-11,Erode,103,34,66,284,62,,16,72,121,1,Cholera
2024-02-12,Erode,0,33,87,435,76,,8,57,236,0,Typhoid
2024-02-13,Erode,62,29,90,341,41,,15,66,186,1,Cholera
2024-02-14,Erode,37,31,67,196,19,57.0,10,81,79,0,Flu
2024-02-15,Erode,104,30,82,226,29,,18,78,64,1,Dengue
2024-02-16,Erode,117,32,65,486,103,,18,52,228,1,Respiratory Infection
2024-02-17,Erode,24,31,74,213,56,,9,79,91,0,Flu
2024-02-18,Erode,125,33,83,115,20,,20,89,50,1,Dengue
2024-02-19,Erode,51,33,94,216,41,,14,79,111,1,Cholera
2024-02-20,Erode,139,34,82,247,61,,22,76,134,1,Dengue
2024-02-21,Erode,52,33,77,103,19,36.0,12,90,37,1,Cholera
2024-02-22,Erode,29,30,87,564,131,,11,44,129,1,Respiratory Infection
2024-02-23,Erode,93,30,94,112,15,,18,89,38,1,Dengue
2024-02-24,Erode,79,34,71,216,44,,15,79,81,1,Cholera
2024-02-25,Erode,28,33,65,145,34,,9,86,62,0,Flu
2024-02-26,Erode,38,33,79,447,131,,11,56,253,0,Typhoid
2024-02-27,Erode,68,34,68,335,85,,13,67,92,1,Cholera
2024-02-28,Erode,25,31,61,149,25,31.0,8,86,51,0,Flu
2024-02-29,Erode,44,30,85,592,59,,12,41,197,1,Respiratory Infection
2024-03-01,Erode,0,31,88,118,19,,8,89,68,0,Flu
2024-03-02,Erode,121,30,76,169,18,,19,84,63,1,Cholera
2024-03-03,Erode,51,31,88,584,92,,13,42,210,1,Respiratory Infection
2024-03-04,Erode,107,33,69,478,82,,17,53,224,1,Respiratory Infection
2024-03-05,Erode,76,33,66,550,119,,14,45,171,1,Respiratory Infection
2024-03-06,Erode,72,32,80,107,20,,15,90,23,1,Cholera
2024-03-07,Erode,86,33,60,154,35,68.0,14,85,45,1,Cholera
2024-03-08,Erode,20,32,74,310,87,,9,69,163,0,Typhoid
2024-03-09,Erode,95,32,69,164,21,,16,84,90,1,Cholera
2024-03-10,Erode,83,33,83,225,26,,16,78,108,1,Dengue
2024-03-11,Erode,28,30,76,301,46,,10,70,170,0,Typhoid
2024-03-12,Erode,0,32,69,390,94,,6,61,199,0,Typhoid
2024-03-13,Erode,0,30,60,385,98,,6,62,134,0,Typhoid
2024-03-14,Erode,87,29,74,498,134,143.0,16,51,224,1,Respiratory Infection
2024-03-15,Erode,55,32,86,245,49,,14,76,74,1,Cholera
2024-03-16,Erode,0,31,93,309,59,,9,70,158,0,Typhoid
2024-03-17,Erode,81,33,71,492,111,,15,51,167,1,Respiratory Infection
2024-03-18,Erode,160,32,85,564,164,,24,44,300,1,Dengue
2024-03-19,Erode,43,33,86,306,62,,12,70,127,0,Typhoid
2024-03-20,Erode,115,33,93,425,96,,20,58,181,1,Dengue
2024-03-21,Erode,51,30,94,345,95,86.0,14,66,112,1,Cholera
2024-03-22,Erode,76,33,65,378,100,,14,63,212,1,Cholera
2024-03-23,Erode,0,30,73,381,57,,7,62,201,0,Typhoid
2024-03-24,Erode,52,34,84,475,83,,13,53,201,1,Respiratory Infection
2024-03-25,Erode,44,32,88,568,165,,13,44,315,1,Respiratory Infection
2024-03-26,Erode,166,30,83,133,14,,24,87,66,1,Dengue
2024-03-27,Erode,13,31,63,586,167,,7,42,334,1,Respiratory Infection
2024-03-28,Erode,129,33,82,563,168,137.0,21,44,174,1,Dengue
2024-03-29,Erode,62,33,82,335,94,,14,67,138,1,Cholera
2024-03-30,Erode,17,30,64,384,44,,8,62,132,0,Typhoid
2024-03-31,Erode,40,29,71,403,46,,11,60,239,0,Typhoid
2024-04-01,Erode,54,30,61,405,115,,11,60,89,1,Cholera
2024-04-02,Erode,29,29,70,367,48,,9,64,182,0,Typhoid
2024-04-03,Erode,107,32,84,530,148,,19,47,205,1,Dengue
2024-04-04,Erode,33,34,73,420,95,,10,58,102,0,Typhoid
2024-04-05,Erode,124,29,88,441,86,,21,56,94,1,Dengue
2024-04-06,Erode,101,31,87,208,27,,18,80,69,1,Dengue
2024-04-07,Erode,127,34,62,341,93,68.0,18,66,185,1,Cholera
2024-04-08,Erode,88,31,85,434,92,,17,57,162,1,Dengue
2024-04-09,Erode,44,31,70,255,50,,11,75,111,0,Typhoid
2024-04-10,Erode,56,32,94,359,76,,15,65,77,1,Cholera
2024-04-11,Erode,82,31,73,244,58,,15,76,99,1,Cholera
2024-04-12,Erode,96,30,79,264,31,,17,74,108,1,Cholera
2024-04-13,Erode,27,32,91,345,39,,11,66,149,0,Typhoid
2024-04-14,Erode,19,32,69,231,42,96.0,8,77,63,0,Flu
2024-04-15,Erode,33,32,69,285,43,,10,72,91,0,Typhoid
2024-04-16,Erode,19,30,93,263,34,,11,74,121,0,Typhoid
2024-04-17,Erode,1,34,86,540,64,,8,46,279,1,Respiratory Infection
2024-04-18,Erode,124,31,77,458,72,,20,55,158,1,Respiratory Infection
2024-04-19,Erode,55,29,78,147,41,,13,86,76,1,Cholera
2024-04-20,Erode,50,30,85,176,40,,13,83,89,0,Flu
2024-04-21,Erode,7,30,75,237,49,73.0,8,77,79,0,Flu
2024-04-22,Erode,4,30,91,182,35,,9,82,48,0,Flu
2024-04-23,Erode,114,34,65,380,109,,17,62,211,1,Cholera
2024-04-24,Erode,9,34,86,527,152,,9,48,181,1,Respiratory Infection
2024-04-25,Erode,74,32,63,110,32,,13,89,52,1,Cholera
2024-04-26,Erode,122,32,84,150,38,,20,85,32,1,Dengue
2024-04-27,Erode,92,29,82,374,56,,17,63,93,1,Dengue
2024-04-28,Erode,15,32,87,550,63,233.0,10,45,194,1,Respiratory Infection
2024-04-29,Erode,100,29,92,394,92,,19,61,91,1,Dengue
2024-01-01,Vellore,7,28,85,133,13,,9,87,35,0,Flu
2024-01-02,Vellore,133,31,61,575,141,,19,43,261,1,Respiratory Infection
2024-01-03,Vellore,69,29,79,509,145,,14,50,116,1,Respiratory Infection
2024-01-04,Vellore,54,30,89,557,104,,14,45,180,1,Respiratory Infection
2024-01-05,Vellore,31,27,73,414,116,,10,59,140,0,Typhoid
2024-01-06,Vellore,65,30,63,443,68,,12,56,141,1,Cholera
2024-01-07,Vellore,74,30,78,533,140,244.0,15,47,218,1,Respiratory Infection
2024-01-08,Vellore,122,26,83,464,88,,20,54,235,1,Dengue
2024-01-09,Vellore,115,30,75,449,83,,19,56,204,1,Cholera
2024-01-10,Vellore,0,26,65,502,82,,6,50,247,1,Respiratory Infection
2024-01-11,Vellore,141,30,88,159,24,,22,85,36,1,Dengue
2024-01-12,Vellore,39,31,69,583,71,,10,42,288,1,Respiratory Infection
2024-01-13,Vellore,44,31,63,483,82,,10,52,180,1,Respiratory Infection
2024-01-14,Vellore,0,31,65,285,66,126.0,6,72,142,0,Typhoid
2024-01-15,Vellore,74,29,60,126,19,,13,88,39,1,Cholera
2024-01-16,Vellore,0,27,69,449,129,,6,56,258,0,Typhoid
2024-01-17,Vellore,108,26,92,571,119,,20,43,185,1,Dengue
2024-01-18,Vellore,55,31,79,151,41,,13,85,36,1,Cholera
2024-01-19,Vellore,137,29,63,304,86,,20,70,162,1,Cholera
2024-01-20,Vellore,53,31,89,179,33,,14,83,67,1,Cholera
2024-01-21,Vellore,50,30,64,461,127,220.0,11,54,195,1,Respiratory Infection
2024-01-22,Vellore,32,31,78,357,74,,11,65,76,0,Typhoid
2024-01-23,Vellore,39,28,72,373,64,,11,63,203,0,Typhoid
2024-01-24,Vellore,55,30,92,357,62,,14,65,91,1,Cholera
2024-01-25,Vellore,45,28,84,583,130,,12,42,271,1,Respiratory Infection
2024-01-26,Vellore,29,31,79,570,75,,10,43,324,1,Respiratory Infection
2024-01-27,Vellore,91,31,86,315,65,,17,69,126,1,Dengue
2024-01-28,Vellore,52,27,64,103,30,36.0,11,90,54,1,Cholera
2024-01-29,Vellore,114,27,87,284,74,,20,72,85,1,Dengue
2024-01-30,Vellore,27,29,87,233,69,,11,77,63,0,Flu
2024-01-31,Vellore,0,26,69,369,77,,6,64,161,0,Typhoid
2024-02-01,Vellore,0,26,60,236,40,,6,77,122,0,Flu
2024-02-02,Vellore,77,29,82,223,59,,15,78,84,1,Cholera
2024-02-03,Vellore,75,30,75,274,69,,15,73,95,1,Cholera
2024-02-04,Vellore,76,28,81,461,74,,15,54,106,1,Respiratory Infection
2024-02-05,Vellore,61,27,75,533,66,,13,47,183,1,Respiratory Infection
2024-02-06,Vellore,32,29,68,593,68,,10,41,217,1,Respiratory Infection
2024-02-07,Vellore,49,26,68,573,63,186.0,11,43,191,1,Respiratory Infection
2024-02-08,Vellore,58,31,87,565,124,,14,44,232,1,Respiratory Infection
2024-02-09,Vellore,0,27,70,481,123,,7,52,139,1,Respiratory Infection
2024-02-10,Vellore,10,31,92,583,93,,10,42,296,1,Respiratory Infection
2024-02-11,Vellore,66,30,74,581,94,,14,42,181,1,Respiratory Infection
2024-02-12,Vellore,45,27,74,113,19,,11,89,31,0,Flu
2024-02-13,Vellore,68,31,76,203,22,,14,80,78,1,Cholera
2024-02-14,Vellore,124,30,63,315,79,105.0,18,69,153,1,Cholera
2024-02-15,Vellore,14,26,62,227,22,,7,78,75,0,Flu
2024-02-16,Vellore,20,26,67,431,100,,8,57,143,0,Typhoid
2024-02-17,Vellore,113,27,62,194,42,,17,81,55,1,Cholera
2024-02-18,Vellore,84,26,60,516,125,,14,49,235,1,Respiratory Infection
2024-02-19,Vellore,103,27,92,315,55,,19,69,125,1,Dengue
2024-02-20,Vellore,44,31,80,406,105,,12,60,104,0,Typhoid
2024-02-21,Vellore,116,28,93,594,163,222.0,20,41,279,1,Dengue
2024-02-22,Vellore,33,29,93,482,125,,12,52,239,1,Respiratory Infection
2024-02-23,Vellore,37,31,77,501,125,,11,50,271,1,Respiratory Infection
2024-02-24,Vellore,35,26,94,288,59,,12,72,137,0,Typhoid
2024-02-25,Vellore,37,31,83,568,65,,12,44,155,1,Respiratory Infection
2024-02-26,Vellore,0,27,81,312,60,,8,69,186,0,Typhoid
2024-02-27,Vellore,73,30,69,160,23,,14,84,63,1,Cholera
2024-02-28,Vellore,3,27,86,376,86,106.0,8,63,110,0,Typhoid
2024-02-29,Vellore,72,31,79,135,27,,15,87,64,1,Cholera
2024-03-01,Vellore,29,27,82,214,32,,11,79,109,0,Flu
2024-03-02,Vellore,54,29,71,447,49,,12,56,212,1,Cholera
2024-03-03,Vellore,32,29,66,553,55,,9,45,192,1,Respiratory Infection
2024-03-04,Vellore,67,27,89,483,68,,15,52,243,1,Respiratory Infection
2024-03-05,Vellore,79,30,63,300,66,,14,70,113,1,Cholera
2024-03-06,Vellore,72,30,64,274,28,,13,73,116,1,Cholera
2024-03-07,Vellore,79,28,87,568,125,132.0,16,44,199,1,Respiratory Infection
2024-03-08,Vellore,45,30,83,469,133,,12,54,121,1,Respiratory Infection
2024-03-09,Vellore,76,31,81,439,51,,15,57,190,1,Cholera
2024-03-10,Vellore,0,31,60,126,19,,6,88,35,0,Flu
2024-03-11,Vellore,6,26,80,145,20,,8,86,65,0,Flu
2024-03-12,Vellore,118,27,78,214,37,,19,79,56,1,Cholera
2024-03-13,Vellore,64,29,72,122,20,,13,88,64,1,Cholera
2024-03-14,Vellore,107,31,81,309,59,92.0,18,70,84,1,Dengue
2024-03-15,Vellore,56,26,67,489,111,,12,52,169,1,Respiratory Infection
2024-03-16,Vellore,53,30,85,484,69,,13,52,210,1,Respiratory Infection
2024-03-17,Vellore,80,29,74,309,62,,15,70,68,1,Cholera
2024-03-18,Vellore,93,28,66,587,140,,15,42,155,1,Respiratory Infection
2024-03-19,Vellore,106,30,65,106,25,,17,90,42,1,Cholera
2024-03-20,Vellore,61,30,82,181,37,,14,82,83,1,Cholera
2024-03-21,Vellore,0,30,71,550,122,171.0,7,45,114,1,Respiratory Infection
2024-03-22,Vellore,24,29,93,591,116,,11,41,275,1,Respiratory Infection
2024-03-23,Vellore,80,27,91,398,76,,17,61,152,1,Cholera
2024-03-24,Vellore,0,27,68,483,93,,6,52,171,1,Respiratory Infection
2024-03-25,Vellore,0,30,91,110,28,,9,89,40,0,Flu
2024-03-26,Vellore,59,28,88,133,22,,14,87,33,1,Cholera
2024-03-27,Vellore,93,28,65,489,108,,15,52,154,1,Respiratory Infection
2024-03-28,Vellore,28,28,65,348,36,83.0,9,66,196,0,Typhoid
2024-03-29,Vellore,39,26,74,475,127,,11,53,172,1,Respiratory Infection
2024-03-30,Vellore,99,29,88,527,106,,18,48,164,1,Dengue
2024-03-31,Vellore,26,29,67,213,58,,9,79,59,0,Flu
2024-04-01,Vellore,84,31,84,447,60,,16,56,217,1,Dengue
2024-04-02,Vellore,87,26,71,406,103,,15,60,143,1,Cholera
2024-04-03,Vellore,52,28,65,121,24,,11,88,57,1,Cholera
2024-04-04,Vellore,27,26,67,393,96,,9,61,184,0,Typhoid
2024-04-05,Vellore,27,26,93,281,42,,12,72,147,0,Typhoid
2024-04-06,Vellore,18,31,72,187,48,,9,82,52,0,Flu
2024-04-07,Vellore,45,29,62,383,83,176.0,10,62,207,0,Typhoid
2024-04-08,Vellore,13,29,79,271,75,,9,73,140,0,Typhoid
2024-04-09,Vellore,42,31,76,368,97,,11,64,172,0,Typhoid
2024-04-10,Vellore,8,26,67,245,45,,7,76,142,0,Flu
2024-04-11,Vellore,15,27,67,345,73,,8,66,203,0,Typhoid
2024-04-12,Vellore,92,31,83,496,65,,17,51,214,1,Dengue
2024-04-13,Vellore,92,26,83,155,17,,17,85,65,1,Dengue
2024-04-14,Vellore,16,29,91,595,131,250.0,10,41,265,1,Respiratory Infection
2024-04-15,Vellore,120,27,80,121,18,,20,88,67,1,Cholera
2024-04-16,Vellore,28,30,78,323,39,,10,68,189,0,Typhoid
2024-04-17,Vellore,170,27,90,546,87,,26,46,172,1,Dengue
2024-04-18,Vellore,91,26,68,181,26,,15,82,52,1,Cholera
2024-04-19,Vellore,74,30,89,256,76,,16,75,144,1,Cholera
2024-04-20,Vellore,68,28,62,242,37,,13,76,124,1,Cholera
2024-04-21,Vellore,101,26,74,136,18,64.0,17,87,33,1,Cholera
2024-04-22,Vellore,5,28,92,303,51,,9,70,143,0,Typhoid
2024-04-23,Vellore,40,28,65,398,95,,10,61,208,0,Typhoid
2024-04-24,Vellore,62,31,75,297,32,,13,71,162,1,Cholera
2024-04-25,Vellore,89,31,60,145,32,,14,86,57,1,Cholera
2024-04-26,Vellore,70,26,69,162,41,,13,84,72,1,Cholera
2024-04-27,Vellore,0,30,78,283,44,,7,72,149,0,Typhoid
2024-04-28,Vellore,34,31,73,159,16,60.0,10,85,44,0,Flu
2024-04-29,Vellore,107,26,89,366,68,,19,64,148,1,Dengue
2024-01-01,Thoothukudi,70,34,74,121,16,,14,88,48,1,Cholera
2024-01-02,Thoothukudi,79,34,84,450,69,,16,55,136,1,Cholera
2024-01-03,Thoothukudi,45,34,78,215,56,,12,79,128,0,Flu
2024-01-04,Thoothukudi,95,29,63,451,107,,15,55,181,1,Respiratory Infection
2024-01-05,Thoothukudi,47,33,83,296,61,,13,71,92,0,Typhoid
2024-01-06,Thoothukudi,106,30,79,322,75,,18,68,111,1,Cholera
2024-01-07,Thoothukudi,95,32,76,325,79,108.0,17,68,186,1,Cholera
2024-01-08,Thoothukudi,67,32,88,249,69,,15,76,145,1,Cholera
2024-01-09,Thoothukudi,51,30,66,228,41,,11,78,121,1,Cholera
2024-01-10,Thoothukudi,74,29,69,110,24,,14,89,47,1,Cholera
2024-01-11,Thoothukudi,11,32,90,247,39,,10,76,91,0,Flu
2024-01-12,Thoothukudi,76,32,66,506,144,,14,50,139,1,Respiratory Infection
2024-01-13,Thoothukudi,0,29,66,395,92,,6,61,131,0,Typhoid
2024-01-14,Thoothukudi,34,30,83,515,113,112.0,11,49,166,1,Respiratory Infection
2024-01-15,Thoothukudi,9,30,73,500,82,,8,50,228,1,Respiratory Infection
2024-01-16,Thoothukudi,32,31,92,572,58,,12,43,189,1,Respiratory Infection
2024-01-17,Thoothukudi,74,31,80,299,62,,15,71,109,1,Cholera
2024-01-18,Thoothukudi,9,32,68,406,58,,7,60,151,0,Typhoid
2024-01-19,Thoothukudi,93,31,89,179,45,,18,83,54,1,Dengue
2024-01-20,Thoothukudi,14,32,79,358,70,,9,65,82,0,Typhoid
2024-01-21,Thoothukudi,47,34,83,140,25,65.0,13,86,38,0,Flu
2024-01-22,Thoothukudi,101,31,90,557,77,,19,45,235,1,Dengue
2024-01-23,Thoothukudi,63,32,84,270,30,,14,73,101,1,Cholera
2024-01-24,Thoothukudi,66,29,67,458,66,,13,55,249,1,Respiratory Infection
2024-01-25,Thoothukudi,0,33,69,283,31,,6,72,115,0,Typhoid
2024-01-26,Thoothukudi,89,32,62,596,81,,15,41,129,1,Respiratory Infection
2024-01-27,Thoothukudi,57,33,64,425,118,,12,58,90,1,Cholera
2024-01-28,Thoothukudi,89,33,62,183,22,87.0,15,82,43,1,Cholera
2024-01-29,Thoothukudi,151,30,75,113,17,,22,89,53,1,Cholera
2024-01-30,Thoothukudi,50,31,63,451,65,,11,55,218,1,Respiratory Infection
2024-01-31,Thoothukudi,74,29,71,327,58,,14,68,157,1,Cholera
2024-02-01,Thoothukudi,82,34,64,500,72,,14,50,246,1,Respiratory Infection
2024-02-02,Thoothukudi,44,34,93,413,50,,13,59,109,0,Typhoid
2024-02-03,Thoothukudi,108,31,90,486,86,,19,52,273,1,Dengue
2024-02-04,Thoothukudi,32,33,87,471,83,,11,53,126,1,Respiratory Infection
2024-02-05,Thoothukudi,85,33,62,223,62,,14,78,71,1,Cholera
2024-02-06,Thoothukudi,78,32,71,172,23,,14,83,97,1,Cholera
2024-02-07,Thoothukudi,5,31,89,102,14,34.0,9,90,52,0,Flu
2024-02-08,Thoothukudi,0,30,76,291,84,,7,71,63,0,Typhoid
2024-02-09,Thoothukudi,41,34,72,362,78,,11,64,124,0,Typhoid
2024-02-10,Thoothukudi,60,30,81,542,106,,14,46,191,1,Respiratory Infection
2024-02-11,Thoothukudi,0,32,90,445,45,,9,56,193,0,Typhoid
2024-02-12,Thoothukudi,72,30,72,598,108,,14,41,203,1,Respiratory Infection
2024-02-13,Thoothukudi,92,34,60,137,39,,15,87,41,1,Cholera
2024-02-14,Thoothukudi,41,33,86,381,97,153.0,12,62,172,0,Typhoid
2024-02-15,Thoothukudi,75,34,86,139,19,,16,87,46,1,Cholera
2024-02-16,Thoothukudi,63,34,89,280,35,,15,72,87,1,Cholera
2024-02-17,Thoothukudi,148,34,86,101,18,,23,90,59,1,Dengue
2024-02-18,Thoothukudi,123,33,70,171,51,,19,83,91,1,Cholera
2024-02-19,Thoothukudi,0,29,76,486,85,,7,52,108,1,Respiratory Infection
2024-02-20,Thoothukudi,58,30,89,425,91,,14,58,135,1,Cholera
2024-02-21,Thoothukudi,0,32,66,385,56,163.0,6,62,213,0,Typhoid
2024-02-22,Thoothukudi,16,34,66,496,77,,8,51,255,1,Respiratory Infection
2024-02-23,Thoothukudi,28,30,61,568,86,,8,44,322,1,Respiratory Infection
2024-02-24,Thoothukudi,60,33,74,246,72,,13,76,111,1,Cholera
2024-02-25,Thoothukudi,41,32,87,213,59,,12,79,91,0,Flu
2024-02-26,Thoothukudi,0,34,91,276,45,,9,73,97,0,Typhoid
2024-02-27,Thoothukudi,53,31,71,413,95,,12,59,199,1,Cholera
2024-02-28,Thoothukudi,67,31,77,238,55,116.0,14,77,47,1,Cholera
2024-02-29,Thoothukudi,53,33,69,486,87,,12,52,106,1,Respiratory Infection
2024-03-01,Thoothukudi,59,34,76,517,106,,13,49,139,1,Respiratory Infection
2024-03-02,Thoothukudi,24,30,93,307,82,,11,70,98,0,Typhoid
2024-03-03,Thoothukudi,51,32,86,146,18,,13,86,65,1,Cholera
2024-03-04,Thoothukudi,76,33,62,309,65,,13,70,140,1,Cholera
2024-03-05,Thoothukudi,87,29,92,446,58,,17,56,173,1,Dengue
2024-03-06,Thoothukudi,22,32,61,387,96,,8,62,143,0,Typhoid
2024-03-07,Thoothukudi,76,29,69,495,130,170.0,14,51,253,1,Respiratory Infection
2024-03-08,Thoothukudi,10,34,80,439,49,,9,57,170,0,Typhoid
2024-03-09,Thoothukudi,56,29,76,422,83,,13,58,126,1,Cholera
2024-03-10,Thoothukudi,23,32,94,132,19,,11,87,46,0,Flu
2024-03-11,Thoothukudi,52,30,94,467,49,,14,54,204,1,Respiratory Infection
2024-03-12,Thoothukudi,107,29,93,140,31,,20,86,37,1,Dengue
2024-03-13,Thoothukudi,0,31,92,113,14,,9,89,40,0,Flu
2024-03-14,Thoothukudi,89,30,84,439,70,98.0,17,57,210,1,Dengue
2024-03-15,Thoothukudi,90,29,94,208,57,,18,80,119,1,Dengue
2024-03-16,Thoothukudi,31,31,88,116,21,,11,89,58,0,Flu
2024-03-17,Thoothukudi,102,31,84,320,60,,18,68,76,1,Dengue
2024-03-18,Thoothukudi,55,30,68,458,112,,12,55,208,1,Respiratory Infection
2024-03-19,Thoothukudi,72,30,87,338,66,,15,67,182,1,Cholera
2024-03-20,Thoothukudi,91,30,83,267,51,,17,74,91,1,Dengue
2024-03-21,Thoothukudi,73,33,62,356,58,112.0,13,65,137,1,Cholera
2024-03-22,Thoothukudi,17,30,92,452,95,,10,55,153,1,Respiratory Infection
2024-03-23,Thoothukudi,100,33,84,236,50,,18,77,89,1,Dengue
2024-03-24,Thoothukudi,59,30,83,288,83,,14,72,77,1,Cholera
2024-03-25,Thoothukudi,103,34,79,448,78,,18,56,158,1,Cholera
2024-03-26,Thoothukudi,64,30,74,290,66,,13,71,87,1,Cholera
2024-03-27,Thoothukudi,67,33,70,101,17,,13,90,23,1,Cholera
2024-03-28,Thoothukudi,55,34,83,404,77,131.0,13,60,161,1,Cholera
2024-03-29,Thoothukudi,42,29,93,412,122,,13,59,135,0,Typhoid
2024-03-30,Thoothukudi,106,29,83,105,14,,18,90,58,1,Dengue
2024-03-31,Thoothukudi,18,29,94,330,80,,11,67,180,0,Typhoid
2024-04-01,Thoothukudi,98,30,78,120,25,,17,88,31,1,Cholera
2024-04-02,Thoothukudi,10,29,62,227,46,,7,78,84,0,Flu
2024-04-03,Thoothukudi,26,31,93,139,20,,11,87,54,0,Flu
2024-04-04,Thoothukudi,0,34,74,462,119,,7,54,202,1,Respiratory Infection
2024-04-05,Thoothukudi,102,33,76,532,100,,17,47,209,1,Respiratory Infection
2024-04-06,Thoothukudi,57,34,61,552,73,,11,45,191,1,Respiratory Infection
2024-04-07,Thoothukudi,82,31,79,130,35,38.0,16,87,63,1,Cholera
2024-04-08,Thoothukudi,113,30,92,303,39,,20,70,115,1,Dengue
2024-04-09,Thoothukudi,75,32,66,326,97,,14,68,157,1,Cholera
2024-04-10,Thoothukudi,56,30,71,552,90,,12,45,228,1,Respiratory Infection
2024-04-11,Thoothukudi,31,33,81,201,50,,11,80,44,0,Flu
2024-04-12,Thoothukudi,49,31,82,595,144,,13,41,222,1,Respiratory Infection
2024-04-13,Thoothukudi,0,29,92,237,54,,9,77,118,0,Flu
2024-04-14,Thoothukudi,11,29,65,174,20,65.0,7,83,73,0,Flu
2024-04-15,Thoothukudi,5,34,75,358,73,,8,65,190,0,Typhoid
2024-04-16,Thoothukudi,83,29,92,208,49,,17,80,70,1,Dengue
2024-04-17,Thoothukudi,5,29,88,532,106,,9,47,109,1,Respiratory Infection
2024-04-18,Thoothukudi,0,33,87,299,74,,8,71,125,0,Typhoid
2024-04-19,Thoothukudi,96,34,89,174,22,,18,83,77,1,Dengue
2024-04-20,Thoothukudi,85,29,94,490,53,,17,51,129,1,Dengue
2024-04-21,Thoothukudi,98,31,82,282,72,66.0,18,72,151,1,Dengue
2024-04-22,Thoothukudi,59,29,70,222,23,,12,78,106,1,Cholera
2024-04-23,Thoothukudi,74,29,75,246,36,,14,76,86,1,Cholera
2024-04-24,Thoothukudi,0,30,91,298,40,,9,71,103,0,Typhoid
2024-04-25,Thoothukudi,61,30,72,491,86,,13,51,279,1,Respiratory Infection
2024-04-26,Thoothukudi,71,31,94,288,81,,16,72,105,1,Cholera
2024-04-27,Thoothukudi,51,31,72,486,64,,12,52,134,1,Respiratory Infection
2024-04-28,Thoothukudi,152,34,89,383,43,76.0,24,62,138,1,Dengue
2024-04-29,Thoothukudi,83,34,75,253,58,,15,75,79,1,Cholera
2024-01-01,Dindigul,79,29,90,581,80,,16,42,234,1,Respiratory Infection
2024-01-02,Dindigul,95,28,92,568,165,,18,44,233,1,Dengue
2024-01-03,Dindigul,111,28,94,272,75,,20,73,81,1,Dengue
2024-01-04,Dindigul,82,31,88,307,90,,17,70,178,1,Dengue
2024-01-05,Dindigul,0,30,66,295,55,,6,71,79,0,Typhoid
2024-01-06,Dindigul,24,30,89,377,53,,11,63,162,0,Typhoid
2024-01-07,Dindigul,42,31,84,117,16,47.0,12,89,69,0,Flu
2024-01-08,Dindigul,139,32,88,580,99,,22,42,268,1,Dengue
2024-01-09,Dindigul,102,28,92,169,40,,19,84,93,1,Dengue
2024-01-10,Dindigul,84,30,84,238,47,,16,77,68,1,Dengue
2024-01-11,Dindigul,11,27,84,480,141,,9,52,236,1,Respiratory Infection
2024-01-12,Dindigul,42,31,93,531,112,,13,47,197,1,Respiratory Infection
2024-01-13,Dindigul,25,32,68,250,54,,9,75,76,0,Flu
2024-01-14,Dindigul,0,28,75,378,77,90.0,7,63,100,0,Typhoid
2024-01-15,Dindigul,103,31,69,323,88,,17,68,87,1,Cholera
2024-01-16,Dindigul,75,32,87,467,48,,16,54,129,1,Respiratory Infection
2024-01-17,Dindigul,56,32,67,427,49,,12,58,184,1,Cholera
2024-01-18,Dindigul,77,29,76,131,34,,15,87,32,1,Cholera
2024-01-19,Dindigul,91,27,78,534,107,,16,47,254,1,Respiratory Infection
2024-01-20,Dindigul,80,27,60,489,135,,14,52,222,1,Respiratory Infection
2024-01-21,Dindigul,87,32,80,516,116,148.0,16,49,234,1,Respiratory Infection
2024-01-22,Dindigul,88,28,88,515,69,,17,49,182,1,Dengue
2024-01-23,Dindigul,84,29,79,521,98,,16,48,284,1,Respiratory Infection
2024-01-24,Dindigul,65,29,64,577,63,,12,43,158,1,Respiratory Infection
2024-01-25,Dindigul,67,28,68,519,145,,13,49,113,1,Respiratory Infection
2024-01-26,Dindigul,14,27,64,315,83,,7,69,147,0,Typhoid
2024-01-27,Dindigul,107,27,61,380,60,,16,62,76,1,Cholera
2024-01-28,Dindigul,55,32,65,555,109,254.0,12,45,188,1,Respiratory Infection
2024-01-29,Dindigul,126,29,82,377,67,,20,63,103,1,Dengue
2024-01-30,Dindigul,46,29,72,572,82,,11,43,144,1,Respiratory Infection
2024-01-31,Dindigul,71,32,92,283,58,,16,72,82,1,Cholera
2024-02-01,Dindigul,61,32,69,141,40,,13,86,48,1,Cholera
2024-02-02,Dindigul,74,30,71,146,19,,14,86,55,1,Cholera
2024-02-03,Dindigul,62,27,86,385,39,,14,62,212,1,Cholera
2024-02-04,Dindigul,53,32,84,513,134,,13,49,213,1,Respiratory Infection
2024-02-05,Dindigul,79,30,83,560,94,,16,44,211,1,Respiratory Infection
2024-02-06,Dindigul,120,31,82,214,61,,20,79,122,1,Dengue
2024-02-07,Dindigul,87,32,85,109,19,32.0,17,90,25,1,Dengue
2024-02-08,Dindigul,73,30,64,592,101,,13,41,139,1,Respiratory Infection
2024-02-09,Dindigul,89,30,70,311,36,,15,69,66,1,Cholera
2024-02-10,Dindigul,96,32,89,479,108,,18,53,265,1,Dengue
2024-02-11,Dindigul,73,32,86,114,32,,15,89,27,1,Cholera
2024-02-12,Dindigul,105,32,73,153,45,,17,85,61,1,Cholera
2024-02-13,Dindigul,64,30,91,244,48,,15,76,112,1,Cholera
2024-02-14,Dindigul,41,31,85,133,37,65.0,12,87,58,0,Flu
2024-02-15,Dindigul,73,31,65,322,87,,13,68,162,1,Cholera
2024-02-16,Dindigul,56,27,78,411,89,,13,59,170,1,Cholera
2024-02-17,Dindigul,28,31,88,520,97,,11,48,252,1,Respiratory Infection
2024-02-18,Dindigul,41,27,73,231,60,,11,77,85,0,Flu
2024-02-19,Dindigul,50,27,66,337,38,,11,67,183,0,Typhoid
2024-02-20,Dindigul,95,28,66,263,63,,16,74,99,1,Cholera
2024-02-21,Dindigul,75,31,91,161,36,41.0,16,84,89,1,Cholera
2024-02-22,Dindigul,24,32,73,428,80,,9,58,155,0,Typhoid
2024-02-23,Dindigul,15,28,89,158,22,,10,85,35,0,Flu
2024-02-24,Dindigul,59,28,93,433,124,,15,57,210,1,Cholera
2024-02-25,Dindigul,37,28,82,518,110,,11,49,140,1,Respiratory Infection
2024-02-26,Dindigul,0,32,70,165,44,,7,84,81,0,Flu
2024-02-27,Dindigul,0,27,70,438,57,,7,57,138,0,Typhoid
2024-02-28,Dindigul,0,32,83,247,26,103.0,8,76,110,0,Flu
2024-02-29,Dindigul,61,28,72,286,60,,13,72,61,1,Cholera
2024-03-01,Dindigul,72,28,78,495,113,,15,51,151,1,Respiratory Infection
2024-03-02,Dindigul,115,30,80,484,71,,19,52,182,1,Respiratory Infection
2024-03-03,Dindigul,32,27,88,227,56,,12,78,96,0,Flu
2024-03-04,Dindigul,136,28,78,336,91,,21,67,163,1,Cholera
2024-03-05,Dindigul,83,30,68,236,65,,15,77,106,1,Cholera
2024-03-06,Dindigul,80,32,94,495,120,,17,51,139,1,Respiratory Infection
2024-03-07,Dindigul,77,28,76,442,103,102.0,15,56,153,1,Cholera
2024-03-08,Dindigul,16,32,80,532,112,,9,47,234,1,Respiratory Infection
2024-03-09,Dindigul,98,32,76,465,57,,17,54,135,1,Respiratory Infection
2024-03-10,Dindigul,66,28,82,189,38,,14,82,44,1,Cholera
2024-03-11,Dindigul,43,27,69,189,49,,11,82,101,0,Flu
2024-03-12,Dindigul,56,28,80,354,52,,13,65,161,1,Cholera
2024-03-13,Dindigul,60,31,90,435,100,,15,57,162,1,Cholera
2024-03-14,Dindigul,125,27,64,263,69,64.0,18,74,125,1,Cholera
2024-03-15,Dindigul,41,30,87,330,46,,12,67,188,0,Typhoid
2024-03-16,Dindigul,49,30,84,563,114,,13,44,152,1,Respiratory Infection
2024-03-17,Dindigul,51,32,67,319,94,,11,69,87,1,Cholera
2024-03-18,Dindigul,60,32,61,119,29,,12,89,42,1,Cholera
2024-03-19,Dindigul,81,31,61,589,136,,14,42,125,1,Respiratory Infection
2024-03-20,Dindigul,28,28,71,579,100,,9,43,230,1,Respiratory Infection
2024-03-21,Dindigul,110,28,81,123,22,54.0,19,88,26,1,Dengue
2024-03-22,Dindigul,100,30,60,453,135,,16,55,182,1,Respiratory Infection
2024-03-23,Dindigul,50,32,84,455,69,,13,55,204,1,Respiratory Infection
2024-03-24,Dindigul,38,27,92,251,48,,13,75,85,0,Typhoid
2024-03-25,Dindigul,76,28,87,375,68,,16,63,191,1,Cholera
2024-03-26,Dindigul,119,30,94,136,35,,21,87,63,1,Dengue
2024-03-27,Dindigul,93,28,79,110,29,,17,89,57,1,Cholera
2024-03-28,Dindigul,76,28,61,544,149,139.0,13,46,207,1,Respiratory Infection
2024-03-29,Dindigul,0,31,72,143,40,,7,86,61,0,Flu
2024-03-30,Dindigul,49,29,60,441,121,,10,56,132,0,Typhoid
2024-03-31,Dindigul,80,31,93,277,55,,17,73,149,1,Cholera
2024-04-01,Dindigul,52,29,72,364,42,,12,64,203,1,Cholera
2024-04-02,Dindigul,38,27,88,358,79,,12,65,168,0,Typhoid
2024-04-03,Dindigul,68,28,86,558,120,,15,45,302,1,Respiratory Infection
2024-04-04,Dindigul,0,31,72,544,98,,7,46,211,1,Respiratory Infection
2024-04-05,Dindigul,36,32,91,258,59,,12,75,54,0,Typhoid
2024-04-06,Dindigul,58,27,94,330,83,,15,67,91,1,Cholera
2024-04-07,Dindigul,24,27,71,387,50,134.0,9,62,208,0,Typhoid
2024-04-08,Dindigul,106,28,62,582,170,,16,42,263,1,Respiratory Infection
2024-04-09,Dindigul,5,27,73,334,38,,7,67,155,0,Typhoid
2024-04-10,Dindigul,17,27,63,136,13,,8,87,43,0,Flu
2024-04-11,Dindigul,66,32,61,556,68,,12,45,289,1,Respiratory Infection
2024-04-12,Dindigul,0,28,69,225,45,,6,78,125,0,Flu
2024-04-13,Dindigul,55,32,90,183,38,,14,82,75,1,Cholera
2024-04-14,Dindigul,86,31,75,275,71,135.0,16,73,98,1,Cholera
2024-04-15,Dindigul,45,28,84,212,52,,12,79,107,0,Flu
2024-04-16,Dindigul,28,30,82,398,96,,11,61,123,0,Typhoid
2024-04-17,Dindigul,60,29,60,519,150,,12,49,116,1,Respiratory Infection
2024-04-18,Dindigul,141,27,65,582,111,,20,42,223,1,Respiratory Infection
2024-04-19,Dindigul,101,31,75,449,70,,17,56,172,1,Cholera
2024-04-20,Dindigul,99,32,69,302,88,,16,70,71,1,Cholera
2024-04-21,Dindigul,47,32,75,482,85,181.0,12,52,276,1,Respiratory Infection
2024-04-22,Dindigul,39,27,69,166,25,,10,84,95,0,Flu
2024-04-23,Dindigul,0,32,79,251,41,,7,75,85,0,Typhoid
2024-04-24,Dindigul,60,32,78,473,95,,13,53,203,1,Respiratory Infection
2024-04-25,Dindigul,81,29,74,303,45,,15,70,83,1,Cholera
2024-04-26,Dindigul,81,31,60,123,27,,14,88,36,1,Cholera
2024-04-27,Dindigul,100,32,62,197,43,,16,81,54,1,Cholera
2024-04-28,Dindigul,35,30,89,257,54,98.0,12,75,69,0,Typhoid
2024-04-29,Dindigul,0,29,92,147,17,,9,86,71,0,Flu
2024-01-01,Thanjavur,33,27,90,287,71,,12,72,99,0,Typhoid
2024-01-02,Thanjavur,108,26,75,182,37,,18,82,77,1,Cholera
2024-01-03,Thanjavur,36,26,90,479,60,,12,53,265,1,Respiratory Infection
2024-01-04,Thanjavur,33,31,92,596,128,,12,41,218,1,Respiratory Infection
2024-01-05,Thanjavur,90,28,66,220,54,,15,78,105,1,Cholera
2024-01-06,Thanjavur,90,31,81,234,52,,17,77,53,1,Dengue
2024-01-07,Thanjavur,2,29,62,505,94,123.0,6,50,242,1,Respiratory Infection
2024-01-08,Thanjavur,25,27,61,138,20,,8,87,67,0,Flu
2024-01-09,Thanjavur,92,31,93,198,38,,18,81,101,1,Dengue
2024-01-10,Thanjavur,79,31,80,525,151,,15,48,263,1,Respiratory Infection
2024-01-11,Thanjavur,74,31,62,136,35,,13,87,33,1,Cholera
2024-01-12,Thanjavur,72,28,85,451,90,,15,55,218,1,Respiratory Infection
2024-01-13,Thanjavur,75,26,63,491,87,,13,51,107,1,Respiratory Infection
2024-01-14,Thanjavur,71,31,76,215,40,75.0,14,79,106,1,Cholera
2024-01-15,Thanjavur,52,31,84,533,108,,13,47,220,1,Respiratory Infection
2024-01-16,Thanjavur,65,27,72,103,23,,13,90,51,1,Cholera
2024-01-17,Thanjavur,64,27,73,204,34,,13,80,120,1,Cholera
2024-01-18,Thanjavur,89,26,82,535,144,,17,47,234,1,Dengue
2024-01-19,Thanjavur,63,26,94,459,76,,15,55,226,1,Respiratory Infection
2024-01-20,Thanjavur,116,29,79,198,24,,19,81,66,1,Cholera
2024-01-21,Thanjavur,90,31,72,543,107,166.0,16,46,242,1,Respiratory Infection
2024-01-22,Thanjavur,18,31,85,419,60,,10,59,236,0,Typhoid
2024-01-23,Thanjavur,144,27,65,185,47,,20,82,69,1,Cholera
2024-01-24,Thanjavur,0,26,72,378,72,,7,63,180,0,Typhoid
2024-01-25,Thanjavur,9,30,62,253,40,,7,75,103,0,Typhoid
2024-01-26,Thanjavur,98,30,72,440,88,,17,56,94,1,Cholera
2024-01-27,Thanjavur,53,31,69,363,105,,12,64,123,1,Cholera
2024-01-28,Thanjavur,117,29,80,461,125,171.0,19,54,122,1,Respiratory Infection
2024-01-29,Thanjavur,96,26,65,185,24,,16,82,85,1,Cholera
2024-01-30,Thanjavur,154,26,89,490,67,,24,51,185,1,Dengue
2024-01-31,Thanjavur,75,27,83,362,62,,15,64,179,1,Cholera
2024-02-01,Thanjavur,73,27,92,183,52,,16,82,36,1,Cholera
2024-02-02,Thanjavur,63,29,77,469,130,,14,54,156,1,Respiratory Infection
2024-02-03,Thanjavur,69,31,65,230,62,,13,77,135,1,Cholera
2024-02-04,Thanjavur,58,28,88,330,72,,14,67,181,1,Cholera
2024-02-05,Thanjavur,22,30,76,586,131,,9,42,199,1,Respiratory Infection
2024-02-06,Thanjavur,102,27,74,460,95,,17,54,185,1,Respiratory Infection
2024-02-07,Thanjavur,40,31,81,244,36,53.0,12,76,78,0,Flu
2024-02-08,Thanjavur,72,27,91,230,24,,16,77,48,1,Cholera
2024-02-09,Thanjavur,0,29,77,348,53,,7,66,134,0,Typhoid
2024-02-10,Thanjavur,13,31,87,557,83,,10,45,256,1,Respiratory Infection
2024-02-11,Thanjavur,111,29,81,178,25,,19,83,59,1,Dengue
2024-02-12,Thanjavur,72,26,82,369,73,,15,64,213,1,Cholera
2024-02-13,Thanjavur,103,29,89,291,85,,19,71,104,1,Dengue
2024-02-14,Thanjavur,0,27,70,292,84,60.0,7,71,128,0,Typhoid
2024-02-15,Thanjavur,0,29,91,395,83,,9,61,236,0,Typhoid
2024-02-16,Thanjavur,76,29,86,514,122,,16,49,208,1,Respiratory Infection
2024-02-17,Thanjavur,77,27,73,169,36,,15,84,50,1,Cholera
2024-02-18,Thanjavur,68,31,85,323,68,,15,68,167,1,Cholera
2024-02-19,Thanjavur,47,29,79,494,98,,12,51,279,1,Respiratory Infection
2024-02-20,Thanjavur,59,31,64,206,44,,12,80,88,1,Cholera
2024-02-21,Thanjavur,0,30,84,598,138,216.0,8,41,205,1,Respiratory Infection
2024-02-22,Thanjavur,37,31,90,307,64,,12,70,173,0,Typhoid
2024-02-23,Thanjavur,0,31,82,430,74,,8,57,253,0,Typhoid
2024-02-24,Thanjavur,23,28,88,116,29,,11,89,33,0,Flu
2024-02-25,Thanjavur,8,28,64,330,91,,7,67,75,0,Typhoid
2024-02-26,Thanjavur,63,27,79,263,41,,14,74,136,1,Cholera
2024-02-27,Thanjavur,70,26,81,218,29,,15,79,121,1,Cholera
2024-02-28,Thanjavur,3,29,79,585,70,270.0,8,42,246,1,Respiratory Infection
2024-02-29,Thanjavur,106,26,90,136,27,,19,87,34,1,Dengue
2024-03-01,Thanjavur,76,29,90,368,50,,16,64,168,1,Cholera
2024-03-02,Thanjavur,58,31,73,274,74,,13,73,86,1,Cholera
2024-03-03,Thanjavur,65,29,75,473,136,,14,53,110,1,Respiratory Infection
2024-03-04,Thanjavur,66,27,68,284,83,,13,72,77,1,Cholera
2024-03-05,Thanjavur,67,31,61,128,16,,12,88,55,1,Cholera
2024-03-06,Thanjavur,37,30,75,206,22,,11,80,72,0,Flu
2024-03-07,Thanjavur,143,27,81,422,97,157.0,22,58,209,1,Dengue
2024-03-08,Thanjavur,36,30,61,444,59,,9,56,100,0,Typhoid
2024-03-09,Thanjavur,79,29,90,454,135,,16,55,256,1,Respiratory Infection
2024-03-10,Thanjavur,1,30,71,508,150,,7,50,184,1,Respiratory Infection
2024-03-11,Thanjavur,82,29,67,336,80,,14,67,111,1,Cholera
2024-03-12,Thanjavur,0,27,93,120,18,,9,88,66,0,Flu
2024-03-13,Thanjavur,135,28,93,331,58,,22,67,167,1,Dengue
2024-03-14,Thanjavur,38,30,80,440,104,198.0,11,56,109,0,Typhoid
2024-03-15,Thanjavur,69,29,83,142,16,,15,86,77,1,Cholera
2024-03-16,Thanjavur,12,29,88,280,62,,10,72,128,0,Typhoid
2024-03-17,Thanjavur,1,26,63,289,78,,6,72,156,0,Typhoid
2024-03-18,Thanjavur,99,28,77,471,86,,17,53,144,1,Respiratory Infection
2024-03-19,Thanjavur,41,29,63,403,64,,10,60,108,0,Typhoid
2024-03-20,Thanjavur,123,27,60,212,48,,18,79,81,1,Cholera
2024-03-21,Thanjavur,63,31,84,515,90,109.0,14,49,146,1,Respiratory Infection
2024-03-22,Thanjavur,0,30,64,227,25,,6,78,64,0,Flu
2024-03-23,Thanjavur,62,29,83,112,19,,14,89,28,1,Cholera
2024-03-24,Thanjavur,0,29,72,348,75,,7,66,196,0,Typhoid
2024-03-25,Thanjavur,141,29,84,593,73,,22,41,225,1,Dengue
2024-03-26,Thanjavur,85,28,81,105,25,,16,90,44,1,Dengue
2024-03-27,Thanjavur,86,31,88,249,43,,17,76,94,1,Dengue
2024-03-28,Thanjavur,68,29,76,461,97,230.0,14,54,160,1,Respiratory Infection
2024-03-29,Thanjavur,99,28,85,472,122,,18,53,124,1,Dengue
2024-03-30,Thanjavur,124,28,83,465,62,,20,54,150,1,Dengue
2024-03-31,Thanjavur,0,26,85,193,47,,8,81,81,0,Flu
2024-04-01,Thanjavur,73,30,64,330,96,,13,67,85,1,Cholera
2024-04-02,Thanjavur,91,29,62,204,29,,15,80,53,1,Cholera
2024-04-03,Thanjavur,132,29,83,223,66,,21,78,103,1,Dengue
2024-04-04,Thanjavur,63,31,64,413,101,,12,59,205,1,Cholera
2024-04-05,Thanjavur,55,28,74,134,28,,12,87,48,1,Cholera
2024-04-06,Thanjavur,65,27,69,270,63,,13,73,107,1,Cholera
2024-04-07,Thanjavur,68,26,78,334,79,79.0,14,67,147,1,Cholera
2024-04-08,Thanjavur,65,29,73,366,40,,13,64,140,1,Cholera
2024-04-09,Thanjavur,88,26,71,270,71,,15,73,160,1,Cholera
2024-04-10,Thanjavur,21,30,90,373,94,,11,63,177,0,Typhoid
2024-04-11,Thanjavur,4,29,92,416,89,,9,59,242,0,Typhoid
2024-04-12,Thanjavur,103,30,73,436,107,,17,57,178,1,Cholera
2024-04-13,Thanjavur,0,31,88,444,132,,8,56,200,0,Typhoid
2024-04-14,Thanjavur,86,28,74,518,71,232.0,16,49,187,1,Respiratory Infection
2024-04-15,Thanjavur,104,26,84,353,56,,18,65,201,1,Dengue
2024-04-16,Thanjavur,57,30,61,406,115,,11,60,207,1,Cholera
2024-04-17,Thanjavur,37,29,79,138,25,,11,87,55,0,Flu
2024-04-18,Thanjavur,97,28,88,432,83,,18,57,152,1,Dengue
2024-04-19,Thanjavur,62,27,72,481,143,,13,52,101,1,Respiratory Infection
2024-04-20,Thanjavur,93,31,78,389,98,,17,62,145,1,Cholera
2024-04-21,Thanjavur,67,29,64,438,92,214.0,13,57,234,1,Cholera
2024-04-22,Thanjavur,60,26,61,161,34,,12,84,72,1,Cholera
2024-04-23,Thanjavur,40,31,87,564,63,,12,44,262,1,Respiratory Infection
2024-04-24,Thanjavur,18,26,66,548,101,,8,46,150,1,Respiratory Infection
2024-04-25,Thanjavur,72,31,76,470,94,,14,53,211,1,Respiratory Infection
2024-04-26,Thanjavur,108,26,70,444,98,,17,56,110,1,Cholera
2024-04-27,Thanjavur,30,31,87,178,34,,11,83,64,0,Flu
2024-04-28,Thanjavur,111,26,60,445,56,157.0,17,56,194,1,Cholera
2024-04-29,Thanjavur,98,26,73,282,61,,17,72,85,1,Cholera
2024-01-01,Ranipet,0,32,93,481,142,,9,52,130,1,Respiratory Infection
2024-01-02,Ranipet,91,30,74,333,39,,16,67,178,1,Cholera
2024-01-03,Ranipet,31,35,80,594,68,,11,41,335,1,Respiratory Infection
2024-01-04,Ranipet,138,33,91,243,60,,22,76,144,1,Dengue
2024-01-05,Ranipet,41,34,81,472,131,,12,53,134,1,Respiratory Infection
2024-01-06,Ranipet,113,35,66,428,101,,17,58,117,1,Cholera
2024-01-07,Ranipet,66,33,86,478,123,120.0,15,53,140,1,Respiratory Infection
2024-01-08,Ranipet,52,31,78,395,107,,13,61,223,1,Cholera
2024-01-09,Ranipet,114,33,93,171,50,,20,83,37,1,Dengue
2024-01-10,Ranipet,87,31,70,542,101,,15,46,274,1,Respiratory Infection
2024-01-11,Ranipet,112,32,92,246,67,,20,76,109,1,Dengue
2024-01-12,Ranipet,20,31,77,484,127,,9,52,103,1,Respiratory Infection
2024-01-13,Ranipet,19,32,73,508,61,,9,50,103,1,Respiratory Infection
2024-01-14,Ranipet,87,33,63,136,33,43.0,15,87,31,1,Cholera
2024-01-15,Ranipet,73,32,70,431,106,,14,57,254,1,Cholera
2024-01-16,Ranipet,65,31,64,148,26,,12,86,55,1,Cholera
2024-01-17,Ranipet,51,32,78,461,102,,12,54,159,1,Respiratory Infection
2024-01-18,Ranipet,56,30,68,345,38,,12,66,202,1,Cholera
2024-01-19,Ranipet,84,34,63,477,122,,14,53,242,1,Respiratory Infection
2024-01-20,Ranipet,74,33,75,139,20,,14,87,69,1,Cholera
2024-01-21,Ranipet,32,34,78,579,109,191.0,11,43,197,1,Respiratory Infection
2024-01-22,Ranipet,46,30,89,359,90,,13,65,176,0,Typhoid
2024-01-23,Ranipet,43,30,69,131,17,,11,87,54,0,Flu
2024-01-24,Ranipet,20,32,88,263,36,,10,74,139,0,Typhoid
2024-01-25,Ranipet,86,34,66,448,73,,15,56,167,1,Cholera
2024-01-26,Ranipet,96,33,61,239,55,,15,77,85,1,Cholera
2024-01-27,Ranipet,48,35,86,396,71,,13,61,188,0,Typhoid
2024-01-28,Ranipet,103,30,74,126,13,29.0,17,88,34,1,Cholera
2024-01-29,Ranipet,59,30,70,211,30,,12,79,63,1,Cholera
2024-01-30,Ranipet,132,35,79,561,69,,21,44,185,1,Respiratory Infection
2024-01-31,Ranipet,48,30,79,124,27,,12,88,25,0,Flu
2024-02-01,Ranipet,0,32,60,594,109,,6,41,286,1,Respiratory Infection
2024-02-02,Ranipet,118,30,84,328,40,,20,68,187,1,Dengue
2024-02-03,Ranipet,53,35,79,155,25,,13,85,84,1,Cholera
2024-02-04,Ranipet,55,34,62,372,86,,11,63,136,1,Cholera
2024-02-05,Ranipet,18,31,92,221,54,,11,78,51,0,Flu
2024-02-06,Ranipet,79,34,74,150,25,,15,85,35,1,Cholera
2024-02-07,Ranipet,66,31,65,267,30,73.0,13,74,142,1,Cholera
2024-02-08,Ranipet,64,32,88,384,77,,15,62,219,1,Cholera
2024-02-09,Ranipet,59,30,78,467,84,,13,54,188,1,Respiratory Infection
2024-02-10,Ranipet,0,31,93,402,113,,9,60,101,0,Typhoid
2024-02-11,Ranipet,16,32,61,276,50,,7,73,119,0,Typhoid
2024-02-12,Ranipet,40,30,61,500,83,,10,50,276,1,Respiratory Infection
2024-02-13,Ranipet,100,33,80,149,24,,18,86,65,1,Cholera
2024-02-14,Ranipet,56,33,87,469,88,211.0,14,54,153,1,Respiratory Infection
2024-02-15,Ranipet,0,30,84,108,29,,8,90,57,0,Flu
2024-02-16,Ranipet,102,30,67,247,34,,16,76,116,1,Cholera
2024-02-17,Ranipet,13,35,71,166,23,,8,84,52,0,Flu
2024-02-18,Ranipet,109,32,71,381,56,,18,62,217,1,Cholera
2024-02-19,Ranipet,74,35,93,296,78,,16,71,84,1,Cholera
2024-02-20,Ranipet,79,31,67,495,98,,14,51,186,1,Respiratory Infection
2024-02-21,Ranipet,79,34,73,397,110,166.0,15,61,213,1,Cholera
2024-02-22,Ranipet,7,30,76,287,58,,8,72,119,0,Typhoid
2024-02-23,Ranipet,29,34,82,186,37,,11,82,40,0,Flu
2024-02-24,Ranipet,28,31,60,312,78,,8,69,176,0,Typhoid
2024-02-25,Ranipet,103,31,63,450,59,,16,55,268,1,Cholera
2024-02-26,Ranipet,41,32,92,186,19,,13,82,95,0,Flu
2024-02-27,Ranipet,108,32,60,397,76,,16,61,137,1,Cholera
2024-02-28,Ranipet,50,30,87,359,77,165.0,13,65,99,0,Typhoid
2024-02-29,Ranipet,36,32,94,561,138,,13,44,153,1,Respiratory Infection
2024-03-01,Ranipet,73,35,79,376,52,,15,63,115,1,Cholera
2024-03-02,Ranipet,100,31,63,111,30,,16,89,65,1,Cholera
2024-03-03,Ranipet,11,30,69,369,58,,8,64,88,0,Typhoid
2024-03-04,Ranipet,0,32,72,286,32,,7,72,143,0,Typhoid
2024-03-05,Ranipet,0,33,78,316,59,,7,69,111,0,Typhoid
2024-03-06,Ranipet,130,31,90,506,115,,22,50,283,1,Dengue
2024-03-07,Ranipet,101,30,69,457,132,148.0,17,55,250,1,Respiratory Infection
2024-03-08,Ranipet,110,31,60,492,62,,17,51,112,1,Respiratory Infection
2024-03-09,Ranipet,32,32,73,151,20,,10,85,67,0,Flu
2024-03-10,Ranipet,48,31,81,464,125,,12,54,103,1,Respiratory Infection
2024-03-11,Ranipet,43,34,76,348,98,,11,66,181,0,Typhoid
2024-03-12,Ranipet,117,33,73,464,121,,19,54,206,1,Respiratory Infection
2024-03-13,Ranipet,0,30,89,306,54,,8,70,176,0,Typhoid
2024-03-14,Ranipet,101,32,93,462,71,183.0,19,54,243,1,Dengue
2024-03-15,Ranipet,57,32,75,197,56,,13,81,80,1,Cholera
2024-03-16,Ranipet,84,31,86,305,39,,17,70,64,1,Dengue
2024-03-17,Ranipet,119,32,61,273,52,,18,73,80,1,Cholera
2024-03-18,Ranipet,1,34,73,402,114,,7,60,147,0,Typhoid
2024-03-19,Ranipet,42,35,94,422,85,,13,58,197,0,Typhoid
2024-03-20,Ranipet,118,31,83,153,22,,20,85,38,1,Dengue
2024-03-21,Ranipet,54,31,88,591,72,130.0,14,41,323,1,Respiratory Infection
2024-03-22,Ranipet,94,32,87,455,61,,18,55,269,1,Dengue
2024-03-23,Ranipet,109,33,94,437,53,,20,57,96,1,Dengue
2024-03-24,Ranipet,1,30,62,317,72,,6,69,184,0,Typhoid
2024-03-25,Ranipet,46,32,92,599,133,,13,41,120,1,Respiratory Infection
2024-03-26,Ranipet,76,34,61,114,17,,13,89,49,1,Cholera
2024-03-27,Ranipet,55,30,68,256,60,,12,75,129,1,Cholera
2024-03-28,Ranipet,106,33,63,121,36,45.0,16,88,45,1,Cholera
2024-03-29,Ranipet,30,31,78,365,102,,10,64,149,0,Typhoid
2024-03-30,Ranipet,28,31,77,401,112,,10,60,202,0,Typhoid
2024-03-31,Ranipet,36,35,66,406,86,,10,60,235,0,Typhoid
2024-04-01,Ranipet,18,35,62,442,101,,8,56,111,0,Typhoid
2024-04-02,Ranipet,32,33,84,567,130,,11,44,146,1,Respiratory Infection
2024-04-03,Ranipet,22,32,61,233,24,,8,77,88,0,Flu
2024-04-04,Ranipet,75,33,73,392,79,,14,61,159,1,Cholera
2024-04-05,Ranipet,44,34,61,126,19,,10,88,44,0,Flu
2024-04-06,Ranipet,123,30,65,182,43,,18,82,101,1,Cholera
2024-04-07,Ranipet,55,30,80,585,144,204.0,13,42,129,1,Respiratory Infection
2024-04-08,Ranipet,144,32,89,140,14,,23,86,62,1,Dengue
2024-04-09,Ranipet,79,33,93,327,64,,17,68,85,1,Cholera
2024-04-10,Ranipet,82,35,70,480,94,,15,52,165,1,Respiratory Infection
2024-04-11,Ranipet,67,35,66,156,27,,13,85,52,1,Cholera
2024-04-12,Ranipet,109,34,80,421,72,,18,58,131,1,Cholera
2024-04-13,Ranipet,83,34,78,538,96,,16,47,315,1,Respiratory Infection
2024-04-14,Ranipet,93,30,94,275,67,97.0,18,73,104,1,Dengue
2024-04-15,Ranipet,66,30,63,229,68,,12,78,106,1,Cholera
2024-04-16,Ranipet,28,30,92,347,56,,12,66,78,0,Typhoid
2024-04-17,Ranipet,59,31,77,415,73,,13,59,225,1,Cholera
2024-04-18,Ranipet,32,30,67,334,92,,9,67,157,0,Typhoid
2024-04-19,Ranipet,59,31,81,205,31,,14,80,50,1,Cholera
2024-04-20,Ranipet,94,33,92,568,96,,18,44,295,1,Dengue
2024-04-21,Ranipet,61,33,63,281,49,79.0,12,72,101,1,Cholera
2024-04-22,Ranipet,86,35,79,244,63,,16,76,66,1,Cholera
2024-04-23,Ranipet,36,32,82,154,42,,11,85,37,0,Flu
2024-04-24,Ranipet,48,35,73,258,39,,12,75,53,0,Typhoid
2024-04-25,Ranipet,69,32,66,545,61,,13,46,124,1,Respiratory Infection
2024-04-26,Ranipet,115,34,85,339,35,,20,67,110,1,Dengue
2024-04-27,Ranipet,134,31,93,465,93,,22,54,271,1,Dengue
2024-04-28,Ranipet,116,31,65,596,116,181.0,18,41,330,1,Respiratory Infection
2024-04-29,Ranipet,19,34,61,500,146,,8,50,198,1,Respiratory Infection
2024-01-01,Sivagangai,81,31,94,383,72,,17,62,212,1,Dengue
2024-01-02,Sivagangai,42,32,81,186,34,,12,82,56,0,Flu
2024-01-03,Sivagangai,112,32,93,206,49,,20,80,50,1,Dengue
2024-01-04,Sivagangai,80,32,90,203,31,,17,80,51,1,Cholera
2024-01-05,Sivagangai,0,32,85,406,94,,8,60,150,0,Typhoid
2024-01-06,Sivagangai,53,32,65,191,45,,11,81,89,1,Cholera
2024-01-07,Sivagangai,72,29,85,221,30,46.0,15,78,63,1,Cholera
2024-01-08,Sivagangai,113,34,83,201,28,,19,80,70,1,Dengue
2024-01-09,Sivagangai,7,31,89,150,15,,9,85,84,0,Flu
2024-01-10,Sivagangai,71,34,79,345,93,,15,66,139,1,Cholera
2024-01-11,Sivagangai,98,29,83,272,49,,18,73,101,1,Dengue
2024-01-12,Sivagangai,23,33,82,489,103,,10,52,248,1,Respiratory Infection
2024-01-13,Sivagangai,77,32,81,497,99,,15,51,223,1,Respiratory Infection
2024-01-14,Sivagangai,29,30,69,466,87,109.0,9,54,232,1,Respiratory Infection
2024-01-15,Sivagangai,121,29,64,448,66,,18,56,223,1,Cholera
2024-01-16,Sivagangai,93,29,85,207,25,,17,80,109,1,Dengue
2024-01-17,Sivagangai,124,29,79,312,56,,20,69,97,1,Cholera
2024-01-18,Sivagangai,153,31,77,376,109,,23,63,94,1,Cholera
2024-01-19,Sivagangai,48,32,87,596,174,,13,41,128,1,Respiratory Infection
2024-01-20,Sivagangai,108,33,83,157,33,,19,85,62,1,Dengue
2024-01-21,Sivagangai,32,30,65,241,31,58.0,9,76,80,0,Flu
2024-01-22,Sivagangai,110,29,73,478,79,,18,53,98,1,Respiratory Infection
2024-01-23,Sivagangai,46,30,82,590,94,,12,41,219,1,Respiratory Infection
2024-01-24,Sivagangai,71,34,61,329,63,,13,68,170,1,Cholera
2024-01-25,Sivagangai,111,33,90,205,42,,20,80,83,1,Dengue
2024-01-26,Sivagangai,8,31,84,541,77,,9,46,179,1,Respiratory Infection
2024-01-27,Sivagangai,74,33,94,374,106,,16,63,98,1,Cholera
2024-01-28,Sivagangai,96,32,79,402,102,133.0,17,60,146,1,Cholera
2024-01-29,Sivagangai,29,34,90,192,43,,11,81,47,0,Flu
2024-01-30,Sivagangai,82,33,69,258,73,,15,75,100,1,Cholera
2024-01-31,Sivagangai,34,34,62,140,24,,9,86,51,0,Flu
2024-02-01,Sivagangai,35,33,63,377,78,,9,63,98,0,Typhoid
2024-02-02,Sivagangai,93,33,82,137,27,,17,87,37,1,Dengue
2024-02-03,Sivagangai,40,31,85,373,51,,12,63,208,0,Typhoid
2024-02-04,Sivagangai,116,31,67,551,103,,18,45,294,1,Respiratory Infection
2024-02-05,Sivagangai,57,33,91,108,31,,14,90,59,1,Cholera
2024-02-06,Sivagangai,118,33,75,326,33,,19,68,112,1,Cholera
2024-02-07,Sivagangai,66,34,91,165,33,52.0,15,84,46,1,Cholera
2024-02-08,Sivagangai,96,29,68,558,101,,16,45,328,1,Respiratory Infection
2024-02-09,Sivagangai,147,34,64,197,28,,21,81,42,1,Cholera
2024-02-10,Sivagangai,21,33,90,477,53,,11,53,131,1,Respiratory Infection
2024-02-11,Sivagangai,0,34,92,119,34,,9,89,58,0,Flu
2024-02-12,Sivagangai,130,29,80,302,37,,21,70,149,1,Cholera
2024-02-13,Sivagangai,99,31,89,167,47,,18,84,78,1,Dengue
2024-02-14,Sivagangai,32,30,67,228,48,83.0,9,78,97,0,Flu
2024-02-15,Sivagangai,62,34,64,176,49,,12,83,59,1,Cholera
2024-02-16,Sivagangai,25,31,76,209,48,,10,80,50,0,Flu
2024-02-17,Sivagangai,35,32,70,520,68,,10,48,250,1,Respiratory Infection
2024-02-18,Sivagangai,42,34,75,254,37,,11,75,121,0,Typhoid
2024-02-19,Sivagangai,35,32,80,474,80,,11,53,148,1,Respiratory Infection
2024-02-20,Sivagangai,34,32,85,366,69,,11,64,160,0,Typhoid
2024-02-21,Sivagangai,51,31,80,194,27,84.0,13,81,115,1,Cholera
2024-02-22,Sivagangai,43,31,86,335,94,,12,67,84,0,Typhoid
2024-02-23,Sivagangai,22,29,84,359,92,,10,65,207,0,Typhoid
2024-02-24,Sivagangai,93,29,77,341,40,,17,66,187,1,Cholera
2024-02-25,Sivagangai,66,31,85,372,93,,15,63,164,1,Cholera
2024-02-26,Sivagangai,75,29,80,145,23,,15,86,33,1,Cholera
2024-02-27,Sivagangai,54,30,84,464,132,,13,54,259,1,Respiratory Infection
2024-02-28,Sivagangai,62,33,93,156,40,45.0,15,85,68,1,Cholera
2024-02-29,Sivagangai,24,29,73,552,163,,9,45,150,1,Respiratory Infection
2024-03-01,Sivagangai,40,31,90,496,69,,13,51,255,1,Respiratory Infection
2024-03-02,Sivagangai,39,32,94,381,61,,13,62,189,0,Typhoid
2024-03-03,Sivagangai,147,29,69,217,34,,21,79,111,1,Cholera
2024-03-04,Sivagangai,85,34,61,509,64,,14,50,116,1,Respiratory Infection
2024-03-05,Sivagangai,71,31,80,436,66,,15,57,140,1,Cholera
2024-03-06,Sivagangai,99,31,79,128,27,,17,88,45,1,Cholera
2024-03-07,Sivagangai,86,32,88,565,157,194.0,17,44,206,1,Dengue
2024-03-08,Sivagangai,45,29,76,128,25,,12,88,65,0,Flu
2024-03-09,Sivagangai,13,30,76,482,68,,8,52,231,1,Respiratory Infection
2024-03-10,Sivagangai,114,30,61,396,98,,17,61,231,1,Cholera
2024-03-11,Sivagangai,42,33,87,368,67,,12,64,128,0,Typhoid
2024-03-12,Sivagangai,30,34,94,430,104,,12,57,92,0,Typhoid
2024-03-13,Sivagangai,26,33,86,475,117,,11,53,219,1,Respiratory Infection
2024-03-14,Sivagangai,2,32,71,311,67,155.0,7,69,160,0,Typhoid
2024-03-15,Sivagangai,45,33,63,163,41,,10,84,77,0,Flu
2024-03-16,Sivagangai,66,30,76,570,130,,14,43,155,1,Respiratory Infection
2024-03-17,Sivagangai,46,31,81,542,144,,12,46,123,1,Respiratory Infection
2024-03-18,Sivagangai,65,34,78,157,18,,14,85,68,1,Cholera
2024-03-19,Sivagangai,28,32,74,101,21,,10,90,41,0,Flu
2024-03-20,Sivagangai,92,31,94,449,114,,18,56,116,1,Dengue
2024-03-21,Sivagangai,51,29,77,511,130,184.0,12,49,241,1,Respiratory Infection
2024-03-22,Sivagangai,13,32,81,291,65,,9,71,141,0,Typhoid
2024-03-23,Sivagangai,59,30,65,357,48,,12,65,160,1,Cholera
2024-03-24,Sivagangai,94,33,71,252,65,,16,75,144,1,Cholera
2024-03-25,Sivagangai,0,30,91,373,39,,9,63,178,0,Typhoid
2024-03-26,Sivagangai,89,32,77,228,34,,16,78,122,1,Cholera
2024-03-27,Sivagangai,26,32,91,269,43,,11,74,160,0,Typhoid
2024-03-28,Sivagangai,88,31,77,203,54,99.0,16,80,96,1,Cholera
2024-03-29,Sivagangai,24,33,64,131,37,,8,87,70,0,Flu
2024-03-30,Sivagangai,116,31,83,519,102,,19,49,112,1,Dengue
2024-03-31,Sivagangai,52,29,70,241,64,,12,76,49,1,Cholera
2024-04-01,Sivagangai,75,32,92,445,68,,16,56,186,1,Cholera
2024-04-02,Sivagangai,128,32,74,290,75,,20,71,159,1,Cholera
2024-04-03,Sivagangai,72,32,71,402,110,,14,60,214,1,Cholera
2024-04-04,Sivagangai,13,30,86,504,97,,9,50,253,1,Respiratory Infection
2024-04-05,Sivagangai,17,31,76,186,45,,9,82,49,0,Flu
2024-04-06,Sivagangai,66,32,78,121,35,,14,88,71,1,Cholera
2024-04-07,Sivagangai,48,33,90,121,30,60.0,13,88,44,0,Flu
2024-04-08,Sivagangai,94,30,60,435,63,,15,57,209,1,Cholera
2024-04-09,Sivagangai,42,29,62,191,36,,10,81,111,0,Flu
2024-04-10,Sivagangai,87,33,79,410,104,,16,59,206,1,Cholera
2024-04-11,Sivagangai,1,30,86,405,97,,8,60,216,0,Typhoid
2024-04-12,Sivagangai,26,30,63,481,128,,8,52,170,1,Respiratory Infection
2024-04-13,Sivagangai,12,33,85,389,74,,9,62,86,0,Typhoid
2024-04-14,Sivagangai,97,29,83,445,52,196.0,18,56,228,1,Dengue
2024-04-15,Sivagangai,68,31,66,105,18,,13,90,23,1,Cholera
2024-04-16,Sivagangai,0,33,67,224,23,,6,78,103,0,Flu
2024-04-17,Sivagangai,14,34,91,350,94,,10,65,124,0,Typhoid
2024-04-18,Sivagangai,0,33,61,400,104,,6,60,177,0,Typhoid
2024-04-19,Sivagangai,53,30,68,385,63,,12,62,198,1,Cholera
2024-04-20,Sivagangai,90,34,89,452,51,,17,55,180,1,Dengue
2024-04-21,Sivagangai,46,34,88,493,74,234.0,13,51,162,1,Respiratory Infection
2024-04-22,Sivagangai,43,32,85,589,132,,12,42,320,1,Respiratory Infection
2024-04-23,Sivagangai,60,34,77,112,21,,13,89,66,1,Cholera
2024-04-24,Sivagangai,58,33,61,277,69,,11,73,119,1,Cholera
2024-04-25,Sivagangai,47,34,75,231,48,,12,77,87,0,Flu
2024-04-26,Sivagangai,66,31,82,358,65,,14,65,109,1,Cholera
2024-04-27,Sivagangai,105,29,93,440,49,,19,56,134,1,Dengue
2024-04-28,Sivagangai,77,33,88,330,70,155.0,16,67,190,1,Cholera
2024-04-29,Sivagangai,100,33,83,207,20,,18,80,54,1,Dengue
2024-01-01,Virudhunagar,142,31,87,259,65,,22,75,91,1,Dengue
2024-01-02,Virudhunagar,23,35,83,286,76,,10,72,81,0,Typhoid
2024-01-03,Virudhunagar,59,35,69,434,96,,12,57,241,1,Cholera
2024-01-04,Virudhunagar,38,33,80,327,90,,11,68,66,0,Typhoid
2024-01-05,Virudhunagar,72,32,94,527,85,,16,48,301,1,Respiratory Infection
2024-01-06,Virudhunagar,9,30,83,473,102,,9,53,191,1,Respiratory Infection
2024-01-07,Virudhunagar,64,33,85,116,34,47.0,14,89,48,1,Cholera
2024-01-08,Virudhunagar,49,31,66,437,109,,11,57,194,0,Typhoid
2024-01-09,Virudhunagar,60,32,88,129,35,,14,88,55,1,Cholera
2024-01-10,Virudhunagar,66,30,78,153,16,,14,85,69,1,Cholera
2024-01-11,Virudhunagar,29,33,88,117,21,,11,89,43,0,Flu
2024-01-12,Virudhunagar,50,32,91,349,39,,14,66,90,0,Typhoid
2024-01-13,Virudhunagar,76,34,77,433,120,,15,57,100,1,Cholera
2024-01-14,Virudhunagar,38,31,70,239,44,93.0,10,77,65,0,Flu
2024-01-15,Virudhunagar,0,31,88,282,58,,8,72,144,0,Typhoid
2024-01-16,Virudhunagar,2,33,66,264,32,,6,74,131,0,Typhoid
2024-01-17,Virudhunagar,125,34,88,297,51,,21,71,85,1,Dengue
2024-01-18,Virudhunagar,53,35,90,291,66,,14,71,145,1,Cholera
2024-01-19,Virudhunagar,0,33,92,317,38,,9,69,113,0,Typhoid
2024-01-20,Virudhunagar,88,33,63,235,60,,15,77,139,1,Cholera
2024-01-21,Virudhunagar,103,32,65,413,75,154.0,16,59,237,1,Cholera
2024-01-22,Virudhunagar,101,35,66,227,65,,16,78,126,1,Cholera
2024-01-23,Virudhunagar,4,35,79,164,21,,8,84,83,0,Flu
2024-01-24,Virudhunagar,16,32,62,597,79,,7,41,268,1,Respiratory Infection
2024-01-25,Virudhunagar,79,34,75,242,51,,15,76,143,1,Cholera
2024-01-26,Virudhunagar,107,30,77,348,50,,18,66,81,1,Cholera
2024-01-27,Virudhunagar,43,33,64,539,109,,10,47,192,1,Respiratory Infection
2024-01-28,Virudhunagar,108,35,91,447,72,107.0,19,56,112,1,Dengue
2024-01-29,Virudhunagar,4,35,78,552,73,,8,45,315,1,Respiratory Infection
2024-01-30,Virudhunagar,113,34,91,213,55,,20,79,47,1,Dengue
2024-01-31,Virudhunagar,84,30,81,483,85,,16,52,200,1,Dengue
2024-02-01,Virudhunagar,93,32,82,246,38,,17,76,134,1,Dengue
2024-02-02,Virudhunagar,86,31,76,164,31,,16,84,89,1,Cholera
2024-02-03,Virudhunagar,56,34,65,187,30,,12,82,42,1,Cholera
2024-02-04,Virudhunagar,74,33,73,288,77,,14,72,168,1,Cholera
2024-02-05,Virudhunagar,52,32,64,299,84,,11,71,150,1,Cholera
2024-02-06,Virudhunagar,38,33,68,347,75,,10,66,99,0,Typhoid
2024-02-07,Virudhunagar,81,31,75,411,49,179.0,15,59,211,1,Cholera
2024-02-08,Virudhunagar,50,33,75,562,153,,12,44,317,1,Respiratory Infection
2024-02-09,Virudhunagar,51,34,86,258,47,,13,75,101,1,Cholera
2024-02-10,Virudhunagar,17,31,70,580,162,,8,42,288,1,Respiratory Infection
2024-02-11,Virudhunagar,84,33,79,345,68,,16,66,121,1,Cholera
2024-02-12,Virudhunagar,60,32,62,556,129,,12,45,138,1,Respiratory Infection
2024-02-13,Virudhunagar,85,34,74,177,49,,15,83,83,1,Cholera
2024-02-14,Virudhunagar,43,33,77,386,110,86.0,12,62,91,0,Typhoid
2024-02-15,Virudhunagar,146,31,84,109,13,,23,90,53,1,Dengue
2024-02-16,Virudhunagar,6,31,82,168,45,,8,84,63,0,Flu
2024-02-17,Virudhunagar,14,30,67,573,110,,8,43,261,1,Respiratory Infection
2024-02-18,Virudhunagar,0,33,87,414,119,,8,59,124,0,Typhoid
2024-02-19,Virudhunagar,28,33,94,434,75,,12,57,258,0,Typhoid
2024-02-20,Virudhunagar,158,31,64,326,85,,22,68,114,1,Cholera
2024-02-21,Virudhunagar,51,34,88,424,90,108.0,13,58,157,1,Cholera
2024-02-22,Virudhunagar,56,34,67,285,29,,12,72,138,1,Cholera
2024-02-23,Virudhunagar,0,31,93,437,114,,9,57,153,0,Typhoid
2024-02-24,Virudhunagar,72,31,91,358,77,,16,65,208,1,Cholera
2024-02-25,Virudhunagar,91,31,88,230,26,,17,77,108,1,Dengue
2024-02-26,Virudhunagar,53,35,78,239,58,,13,77,88,1,Cholera
2024-02-27,Virudhunagar,72,32,83,441,101,,15,56,222,1,Cholera
2024-02-28,Virudhunagar,91,34,69,269,72,79.0,16,74,144,1,Cholera
2024-02-29,Virudhunagar,66,35,66,222,39,,13,78,55,1,Cholera
2024-03-01,Virudhunagar,0,34,61,114,30,,6,89,39,0,Flu
2024-03-02,Virudhunagar,5,35,94,576,104,,9,43,162,1,Respiratory Infection
2024-03-03,Virudhunagar,107,31,63,360,101,,17,64,142,1,Cholera
2024-03-04,Virudhunagar,9,31,94,186,53,,10,82,49,0,Flu
2024-03-05,Virudhunagar,82,34,74,354,96,,15,65,158,1,Cholera
2024-03-06,Virudhunagar,28,35,60,537,63,,8,47,171,1,Respiratory Infection
2024-03-07,Virudhunagar,57,30,71,105,13,52.0,12,90,55,1,Cholera
2024-03-08,Virudhunagar,121,30,60,450,64,,18,55,162,1,Cholera
2024-03-09,Virudhunagar,64,35,94,241,67,,15,76,140,1,Cholera
2024-03-10,Virudhunagar,54,32,60,350,57,,11,65,185,1,Cholera
2024-03-11,Virudhunagar,47,32,90,399,88,,13,61,162,0,Typhoid
2024-03-12,Virudhunagar,94,32,92,533,92,,18,47,209,1,Dengue
2024-03-13,Virudhunagar,106,35,76,350,37,,18,65,141,1,Cholera
2024-03-14,Virudhunagar,158,32,79,462,121,141.0,23,54,188,1,Respiratory Infection
2024-03-15,Virudhunagar,71,34,81,507,110,,15,50,115,1,Respiratory Infection
2024-03-16,Virudhunagar,42,34,91,561,119,,13,44,249,1,Respiratory Infection
2024-03-17,Virudhunagar,68,31,90,178,34,,15,83,96,1,Cholera
2024-03-18,Virudhunagar,37,32,81,231,31,,11,77,126,0,Flu
2024-03-19,Virudhunagar,51,35,75,168,21,,12,84,91,1,Cholera
2024-03-20,Virudhunagar,97,30,70,167,27,,16,84,70,1,Cholera
2024-03-21,Virudhunagar,20,32,64,357,70,80.0,8,65,208,0,Typhoid
2024-03-22,Virudhunagar,65,33,93,172,46,,15,83,37,1,Cholera
2024-03-23,Virudhunagar,27,35,94,438,51,,12,57,184,0,Typhoid
2024-03-24,Virudhunagar,6,31,86,425,125,,9,58,220,0,Typhoid
2024-03-25,Virudhunagar,105,34,68,186,32,,17,82,72,1,Cholera
2024-03-26,Virudhunagar,65,30,81,382,81,,14,62,119,1,Cholera
2024-03-27,Virudhunagar,0,31,65,464,74,,6,54,149,1,Respiratory Infection
2024-03-28,Virudhunagar,120,34,90,247,25,58.0,21,76,54,1,Dengue
2024-03-29,Virudhunagar,57,31,63,531,141,,12,47,292,1,Respiratory Infection
2024-03-30,Virudhunagar,87,32,83,519,61,,17,49,124,1,Dengue
2024-03-31,Virudhunagar,75,34,82,379,95,,15,63,95,1,Cholera
2024-04-01,Virudhunagar,51,30,64,393,108,,11,61,156,1,Cholera
2024-04-02,Virudhunagar,29,32,71,397,42,,10,61,89,0,Typhoid
2024-04-03,Virudhunagar,38,30,68,545,82,,10,46,268,1,Respiratory Infection
2024-04-04,Virudhunagar,79,35,70,335,41,,14,67,171,1,Cholera
2024-04-05,Virudhunagar,14,35,89,363,50,,10,64,127,0,Typhoid
2024-04-06,Virudhunagar,117,35,64,422,124,,18,58,197,1,Cholera
2024-04-07,Virudhunagar,125,31,80,270,51,127.0,20,73,123,1,Cholera
2024-04-08,Virudhunagar,79,34,80,456,89,,15,55,226,1,Respiratory Infection
2024-04-09,Virudhunagar,77,34,74,524,75,,15,48,181,1,Respiratory Infection
2024-04-10,Virudhunagar,60,33,61,142,29,,12,86,79,1,Cholera
2024-04-11,Virudhunagar,7,35,68,152,32,,7,85,89,0,Flu
2024-04-12,Virudhunagar,190,32,65,323,79,,25,68,166,1,Cholera
2024-04-13,Virudhunagar,90,32,64,448,59,,15,56,96,1,Cholera
2024-04-14,Virudhunagar,83,33,67,389,106,92.0,15,62,156,1,Cholera
2024-04-15,Virudhunagar,54,33,91,361,79,,14,64,209,1,Cholera
2024-04-16,Virudhunagar,16,35,87,220,32,,10,78,54,0,Flu
2024-04-17,Virudhunagar,84,31,88,595,85,,17,41,182,1,Dengue
2024-04-18,Virudhunagar,48,33,74,299,51,,12,71,169,0,Typhoid
2024-04-19,Virudhunagar,23,30,90,305,88,,11,70,178,0,Typhoid
2024-04-20,Virudhunagar,73,34,77,437,82,,15,57,136,1,Cholera
2024-04-21,Virudhunagar,38,30,78,588,166,134.0,11,42,205,1,Respiratory Infection
2024-04-22,Virudhunagar,19,34,81,140,37,,10,86,63,0,Flu
2024-04-23,Virudhunagar,89,31,66,573,83,,15,43,193,1,Respiratory Infection
2024-04-24,Virudhunagar,104,35,70,573,81,,17,43,224,1,Respiratory Infection
2024-04-25,Virudhunagar,70,31,81,311,84,,15,69,65,1,Cholera
2024-04-26,Virudhunagar,98,33,69,302,33,,16,70,125,1,Cholera
2024-04-27,Virudhunagar,92,31,75,462,77,,16,54,146,1,Respiratory Infection
2024-04-28,Virudhunagar,120,34,94,296,69,91.0,21,71,114,1,Dengue
2024-04-29,Virudhunagar,117,31,87,218,44,,20,79,120,1,Dengue
2024-01-01,Karur,69,33,92,575,94,,16,43,131,1,Respiratory Infection
2024-01-02,Karur,50,32,82,196,53,,13,81,67,0,Flu
2024-01-03,Karur,72,29,90,161,45,,16,84,76,1,Cholera
2024-01-04,Karur,74,33,81,100,15,,15,90,44,1,Cholera
2024-01-05,Karur,103,30,92,350,73,,19,65,131,1,Dengue
2024-01-06,Karur,0,33,80,239,56,,8,77,60,0,Flu
2024-01-07,Karur,51,30,65,356,101,71.0,11,65,184,1,Cholera
2024-01-08,Karur,104,31,65,417,110,,16,59,170,1,Cholera
2024-01-09,Karur,57,29,71,398,89,,12,61,137,1,Cholera
2024-01-10,Karur,92,28,87,380,77,,17,62,80,1,Dengue
2024-01-11,Karur,64,33,60,203,23,,12,80,98,1,Cholera
2024-01-12,Karur,139,31,73,112,13,,21,89,36,1,Cholera
2024-01-13,Karur,33,30,70,154,33,,10,85,56,0,Flu
2024-01-14,Karur,57,28,61,375,92,142.0,11,63,223,1,Cholera
2024-01-15,Karur,63,31,79,593,166,,14,41,148,1,Respiratory Infection
2024-01-16,Karur,75,31,79,495,104,,15,51,226,1,Respiratory Infection
2024-01-17,Karur,99,29,83,176,46,,18,83,99,1,Dengue
2024-01-18,Karur,53,33,69,389,80,,12,62,127,1,Cholera
2024-01-19,Karur,33,33,73,374,95,,10,63,213,0,Typhoid
2024-01-20,Karur,83,29,66,306,88,,14,70,68,1,Cholera
2024-01-21,Karur,0,32,68,122,24,26.0,6,88,39,0,Flu
2024-01-22,Karur,93,29,89,581,80,,18,42,268,1,Dengue
2024-01-23,Karur,0,31,67,131,14,,6,87,77,0,Flu
2024-01-24,Karur,0,30,61,206,33,,6,80,101,0,Flu
2024-01-25,Karur,55,30,79,325,82,,13,68,94,1,Cholera
2024-01-26,Karur,62,32,85,523,142,,14,48,224,1,Respiratory Infection
2024-01-27,Karur,99,30,60,153,37,,15,85,46,1,Cholera
2024-01-28,Karur,59,28,74,467,48,233.0,13,54,195,1,Respiratory Infection
2024-01-29,Karur,45,28,92,531,68,,13,47,200,1,Respiratory Infection
2024-01-30,Karur,44,30,93,234,58,,13,77,123,0,Flu
2024-01-31,Karur,97,30,85,565,94,,18,44,261,1,Dengue
2024-02-01,Karur,144,33,90,303,35,,23,70,120,1,Dengue
2024-02-02,Karur,29,28,60,377,78,,8,63,150,0,Typhoid
2024-02-03,Karur,23,32,75,108,19,,9,90,41,0,Flu
2024-02-04,Karur,52,28,89,555,64,,14,45,280,1,Respiratory Infection
2024-02-05,Karur,73,30,93,276,36,,16,73,86,1,Cholera
2024-02-06,Karur,120,32,79,434,44,,19,57,124,1,Cholera
2024-02-07,Karur,0,33,79,376,98,147.0,7,63,224,0,Typhoid
2024-02-08,Karur,91,29,70,546,156,,16,46,184,1,Respiratory Infection
2024-02-09,Karur,111,29,79,128,18,,19,88,28,1,Cholera
2024-02-10,Karur,24,31,80,158,15,,10,85,41,0,Flu
2024-02-11,Karur,29,29,67,513,86,,9,49,228,1,Respiratory Infection
2024-02-12,Karur,0,30,85,253,45,,8,75,95,0,Typhoid
2024-02-13,Karur,61,31,85,397,117,,14,61,130,1,Cholera
2024-02-14,Karur,12,33,70,141,32,51.0,8,86,82,0,Flu
2024-02-15,Karur,123,32,71,314,57,,19,69,146,1,Cholera
2024-02-16,Karur,69,33,82,543,113,,15,46,131,1,Respiratory Infection
2024-02-17,Karur,43,31,69,280,67,,11,72,150,0,Typhoid
2024-02-18,Karur,96,28,77,569,106,,17,44,250,1,Respiratory Infection
2024-02-19,Karur,106,28,72,411,50,,17,59,119,1,Cholera
2024-02-20,Karur,74,33,60,539,130,,13,47,244,1,Respiratory Infection
2024-02-21,Karur,45,28,66,345,83,95.0,11,66,184,0,Typhoid
2024-02-22,Karur,102,30,74,588,127,,17,42,352,1,Respiratory Infection
2024-02-23,Karur,53,32,83,281,30,,13,72,155,1,Cholera
2024-02-24,Karur,0,31,85,103,11,,8,90,55,0,Flu
2024-02-25,Karur,59,28,73,249,57,,13,76,67,1,Cholera
2024-02-26,Karur,81,30,86,455,112,,16,55,228,1,Dengue
2024-02-27,Karur,172,32,61,337,43,,23,67,165,1,Cholera
2024-02-28,Karur,70,31,60,159,34,39.0,13,85,53,1,Cholera
2024-02-29,Karur,114,29,94,506,100,,20,50,126,1,Dengue
2024-03-01,Karur,55,32,91,450,104,,14,55,232,1,Cholera
2024-03-02,Karur,0,32,79,440,95,,7,56,218,0,Typhoid
2024-03-03,Karur,85,28,72,288,56,,15,72,101,1,Cholera
2024-03-04,Karur,109,31,76,527,136,,18,48,277,1,Respiratory Infection
2024-03-05,Karur,16,28,78,471,58,,9,53,219,1,Respiratory Infection
2024-03-06,Karur,32,29,89,533,109,,12,47,263,1,Respiratory Infection
2024-03-07,Karur,0,32,92,346,70,113.0,9,66,75,0,Typhoid
2024-03-08,Karur,47,32,71,410,92,,11,59,227,0,Typhoid
2024-03-09,Karur,5,31,63,131,32,,6,87,58,0,Flu
2024-03-10,Karur,82,29,64,258,46,,14,75,142,1,Cholera
2024-03-11,Karur,90,28,61,533,143,,15,47,130,1,Respiratory Infection
2024-03-12,Karur,22,29,61,118,25,,8,89,69,0,Flu
2024-03-13,Karur,68,29,85,148,23,,15,86,78,1,Cholera
2024-03-14,Karur,63,33,88,343,60,158.0,15,66,143,1,Cholera
2024-03-15,Karur,49,33,82,154,32,,13,85,52,0,Flu
2024-03-16,Karur,20,31,80,476,100,,10,53,278,1,Respiratory Infection
2024-03-17,Karur,73,30,80,170,29,,15,83,78,1,Cholera
2024-03-18,Karur,15,30,64,475,115,,7,53,189,1,Respiratory Infection
2024-03-19,Karur,58,29,92,284,73,,15,72,157,1,Cholera
2024-03-20,Karur,19,29,84,417,116,,10,59,139,0,Typhoid
2024-03-21,Karur,63,33,73,139,33,53.0,13,87,38,1,Cholera
2024-03-22,Karur,110,29,80,411,41,,19,59,235,1,Cholera
2024-03-23,Karur,68,30,83,276,43,,15,73,125,1,Cholera
2024-03-24,Karur,116,30,75,372,65,,19,63,170,1,Cholera
2024-03-25,Karur,96,28,88,128,28,,18,88,74,1,Dengue
2024-03-26,Karur,67,32,92,488,79,,15,52,268,1,Respiratory Infection
2024-03-27,Karur,129,30,78,172,28,,20,83,91,1,Cholera
2024-03-28,Karur,129,31,85,474,140,144.0,21,53,173,1,Dengue
2024-03-29,Karur,40,33,91,266,61,,13,74,113,0,Typhoid
2024-03-30,Karur,33,33,87,316,40,,12,69,118,0,Typhoid
2024-03-31,Karur,61,32,73,105,16,,13,90,58,1,Cholera
2024-04-01,Karur,9,31,68,426,111,,7,58,231,0,Typhoid
2024-04-02,Karur,68,33,88,279,47,,15,73,110,1,Cholera
2024-04-03,Karur,29,28,72,234,67,,10,77,100,0,Flu
2024-04-04,Karur,113,29,94,539,79,,20,47,262,1,Dengue
2024-04-05,Karur,12,33,61,364,78,,7,64,192,0,Typhoid
2024-04-06,Karur,72,29,88,410,45,,16,59,232,1,Cholera
2024-04-07,Karur,5,32,85,341,53,150.0,9,66,173,0,Typhoid
2024-04-08,Karur,8,32,64,142,17,,7,86,79,0,Flu
2024-04-09,Karur,0,32,84,499,109,,8,51,195,1,Respiratory Infection
2024-04-10,Karur,121,33,74,266,39,,19,74,98,1,Cholera
2024-04-11,Karur,78,28,91,196,30,,16,81,76,1,Cholera
2024-04-12,Karur,119,29,66,235,46,,18,77,50,1,Cholera
2024-04-13,Karur,180,32,82,592,113,,26,41,181,1,Dengue
2024-04-14,Karur,0,30,63,519,114,216.0,6,49,307,1,Respiratory Infection
2024-04-15,Karur,25,29,64,324,75,,8,68,93,0,Typhoid
2024-04-16,Karur,57,32,92,258,48,,14,75,131,1,Cholera
2024-04-17,Karur,45,30,77,311,31,,12,69,136,0,Typhoid
2024-04-18,Karur,13,30,67,311,80,,8,69,71,0,Typhoid
2024-04-19,Karur,91,29,85,249,51,,17,76,83,1,Dengue
2024-04-20,Karur,130,30,66,394,81,,19,61,213,1,Cholera
2024-04-21,Karur,60,30,89,595,79,227.0,14,41,139,1,Respiratory Infection
2024-04-22,Karur,149,31,73,132,22,,22,87,30,1,Cholera
2024-04-23,Karur,1,31,81,594,60,,8,41,312,1,Respiratory Infection
2024-04-24,Karur,42,33,86,229,64,,12,78,107,0,Flu
2024-04-25,Karur,64,31,61,452,68,,12,55,156,1,Respiratory Infection
2024-04-26,Karur,107,33,90,418,76,,19,59,123,1,Dengue
2024-04-27,Karur,51,31,91,410,102,,14,59,235,1,Cholera
2024-04-28,Karur,61,32,84,325,66,88.0,14,68,113,1,Cholera
2024-04-29,Karur,51,28,63,283,81,,11,72,155,1,Cholera
2024-01-01,Nagapattinam,34,28,86,443,113,,12,56,251,0,Typhoid
2024-01-02,Nagapattinam,31,28,62,583,154,,9,42,133,1,Respiratory Infection
2024-01-03,Nagapattinam,86,27,71,202,21,,15,80,99,1,Cholera
2024-01-04,Nagapattinam,27,28,82,396,51,,10,61,177,0,Typhoid
2024-01-05,Nagapattinam,44,31,68,294,39,,11,71,88,0,Typhoid
2024-01-06,Nagapattinam,80,26,60,586,84,,14,42,196,1,Respiratory Infection
2024-01-07,Nagapattinam,0,26,79,175,28,69.0,7,83,39,0,Flu
2024-01-08,Nagapattinam,37,31,94,426,83,,13,58,121,0,Typhoid
2024-01-09,Nagapattinam,26,28,80,205,55,,10,80,109,0,Flu
2024-01-10,Nagapattinam,64,28,78,270,57,,14,73,117,1,Cholera
2024-01-11,Nagapattinam,100,28,69,138,36,,16,87,82,1,Cholera
2024-01-12,Nagapattinam,0,31,69,151,37,,6,85,57,0,Flu
2024-01-13,Nagapattinam,72,30,90,229,55,,16,78,82,1,Cholera
2024-01-14,Nagapattinam,54,26,81,471,133,220.0,13,53,201,1,Respiratory Infection
2024-01-15,Nagapattinam,112,29,70,204,30,,18,80,69,1,Cholera
2024-01-16,Nagapattinam,50,29,73,516,107,,12,49,177,1,Respiratory Infection
2024-01-17,Nagapattinam,97,29,66,513,59,,16,49,270,1,Respiratory Infection
2024-01-18,Nagapattinam,65,27,89,189,45,,15,82,68,1,Cholera
2024-01-19,Nagapattinam,65,29,67,261,57,,13,74,109,1,Cholera
2024-01-20,Nagapattinam,0,29,79,330,39,,7,67,134,0,Typhoid
2024-01-21,Nagapattinam,98,30,90,503,106,177.0,18,50,232,1,Dengue
2024-01-22,Nagapattinam,77,27,78,523,124,,15,48,195,1,Respiratory Infection
2024-01-23,Nagapattinam,121,27,81,267,34,,20,74,81,1,Dengue
2024-01-24,Nagapattinam,75,30,70,376,90,,14,63,183,1,Cholera
2024-01-25,Nagapattinam,2,29,74,543,81,,7,46,237,1,Respiratory Infection
2024-01-26,Nagapattinam,48,28,93,345,91,,14,66,184,0,Typhoid
2024-01-27,Nagapattinam,45,29,80,100,10,,12,90,37,0,Flu
2024-01-28,Nagapattinam,79,26,82,250,64,74.0,16,75,124,1,Cholera
2024-01-29,Nagapattinam,58,26,80,585,82,,13,42,120,1,Respiratory Infection
2024-01-30,Nagapattinam,106,29,68,355,89,,17,65,188,1,Cholera
2024-01-31,Nagapattinam,65,29,73,449,99,,13,56,153,1,Cholera
2024-02-01,Nagapattinam,79,28,76,576,166,,15,43,207,1,Respiratory Infection
2024-02-02,Nagapattinam,100,27,73,242,40,,17,76,130,1,Cholera
2024-02-03,Nagapattinam,81,29,91,492,147,,17,51,142,1,Dengue
2024-02-04,Nagapattinam,78,26,77,367,94,,15,64,168,1,Cholera
2024-02-05,Nagapattinam,45,31,67,114,17,,11,89,29,0,Flu
2024-02-06,Nagapattinam,0,31,74,333,73,,7,67,75,0,Typhoid
2024-02-07,Nagapattinam,95,28,85,361,44,142.0,18,64,164,1,Dengue
2024-02-08,Nagapattinam,63,26,61,487,105,,12,52,253,1,Respiratory Infection
2024-02-09,Nagapattinam,77,26,65,368,77,,14,64,206,1,Cholera
2024-02-10,Nagapattinam,3,30,87,398,98,,9,61,100,0,Typhoid
2024-02-11,Nagapattinam,87,28,93,375,92,,18,63,130,1,Dengue
2024-02-12,Nagapattinam,45,28,84,245,61,,12,76,70,0,Flu
2024-02-13,Nagapattinam,76,30,65,256,40,,14,75,133,1,Cholera
2024-02-14,Nagapattinam,37,26,63,406,112,165.0,10,60,155,0,Typhoid
2024-02-15,Nagapattinam,62,27,92,185,19,,15,82,48,1,Cholera
2024-02-16,Nagapattinam,26,30,85,324,91,,11,68,72,0,Typhoid
2024-02-17,Nagapattinam,95,30,63,366,109,,15,64,206,1,Cholera
2024-02-18,Nagapattinam,29,31,90,251,67,,11,75,91,0,Typhoid
2024-02-19,Nagapattinam,65,26,69,409,78,,13,60,226,1,Cholera
2024-02-20,Nagapattinam,68,27,78,164,42,,14,84,93,1,Cholera
2024-02-21,Nagapattinam,0,29,69,331,37,120.0,6,67,67,0,Typhoid
2024-02-22,Nagapattinam,102,30,87,131,22,,18,87,62,1,Dengue
2024-02-23,Nagapattinam,17,29,66,174,38,,8,83,44,0,Flu
2024-02-24,Nagapattinam,51,26,68,365,43,,11,64,74,1,Cholera
2024-02-25,Nagapattinam,38,26,93,255,35,,13,75,53,0,Typhoid
2024-02-26,Nagapattinam,63,29,68,345,63,,13,66,200,1,Cholera
2024-02-27,Nagapattinam,84,31,62,525,91,,14,48,115,1,Respiratory Infection
2024-02-28,Nagapattinam,113,27,87,423,53,131.0,20,58,94,1,Dengue
2024-02-29,Nagapattinam,87,27,85,383,87,,17,62,227,1,Dengue
2024-03-01,Nagapattinam,0,31,81,484,106,,8,52,221,1,Respiratory Infection
2024-03-02,Nagapattinam,107,26,74,345,64,,18,66,180,1,Cholera
2024-03-03,Nagapattinam,29,31,78,425,65,,10,58,244,0,Typhoid
2024-03-04,Nagapattinam,54,29,62,364,47,,11,64,77,1,Cholera
2024-03-05,Nagapattinam,76,29,62,524,83,,13,48,148,1,Respiratory Infection
2024-03-06,Nagapattinam,15,27,82,334,58,,9,67,151,0,Typhoid
2024-03-07,Nagapattinam,78,26,82,397,115,79.0,16,61,235,1,Cholera
2024-03-08,Nagapattinam,93,31,79,152,24,,17,85,71,1,Cholera
2024-03-09,Nagapattinam,0,27,74,526,148,,7,48,243,1,Respiratory Infection
2024-03-10,Nagapattinam,72,27,81,407,107,,15,60,202,1,Cholera
2024-03-11,Nagapattinam,126,30,75,186,37,,20,82,100,1,Cholera
2024-03-12,Nagapattinam,68,29,73,410,67,,14,59,235,1,Cholera
2024-03-13,Nagapattinam,74,29,83,477,50,,15,53,233,1,Respiratory Infection
2024-03-14,Nagapattinam,58,26,81,158,20,53.0,13,85,83,1,Cholera
2024-03-15,Nagapattinam,82,30,73,508,50,,15,50,194,1,Respiratory Infection
2024-03-16,Nagapattinam,52,31,67,549,121,,11,46,113,1,Respiratory Infection
2024-03-17,Nagapattinam,109,26,78,391,59,,18,61,144,1,Cholera
2024-03-18,Nagapattinam,140,30,73,359,98,,21,65,152,1,Cholera
2024-03-19,Nagapattinam,93,26,67,410,95,,16,59,172,1,Cholera
2024-03-20,Nagapattinam,171,26,86,114,19,,25,89,55,1,Dengue
2024-03-21,Nagapattinam,81,30,76,268,61,105.0,15,74,57,1,Cholera
2024-03-22,Nagapattinam,50,27,77,382,71,,12,62,179,0,Typhoid
2024-03-23,Nagapattinam,98,26,93,598,105,,19,41,357,1,Dengue
2024-03-24,Nagapattinam,60,30,88,523,143,,14,48,148,1,Respiratory Infection
2024-03-25,Nagapattinam,33,29,77,169,38,,11,84,54,0,Flu
2024-03-26,Nagapattinam,55,28,61,215,28,,11,79,93,1,Cholera
2024-03-27,Nagapattinam,17,27,91,459,113,,10,55,267,1,Respiratory Infection
2024-03-28,Nagapattinam,24,26,80,449,64,130.0,10,56,134,0,Typhoid
2024-03-29,Nagapattinam,118,28,79,468,75,,19,54,183,1,Respiratory Infection
2024-03-30,Nagapattinam,31,26,71,189,54,,10,82,94,0,Flu
2024-03-31,Nagapattinam,17,28,79,196,29,,9,81,112,0,Flu
2024-04-01,Nagapattinam,119,29,87,156,28,,20,85,53,1,Dengue
2024-04-02,Nagapattinam,57,30,64,126,24,,12,88,33,1,Cholera
2024-04-03,Nagapattinam,0,31,81,234,57,,8,77,89,0,Flu
2024-04-04,Nagapattinam,56,26,68,379,75,,12,63,106,1,Cholera
2024-04-05,Nagapattinam,37,30,84,191,40,,12,81,96,0,Flu
2024-04-06,Nagapattinam,42,29,70,202,20,,11,80,93,0,Flu
2024-04-07,Nagapattinam,115,29,62,577,63,150.0,17,43,239,1,Respiratory Infection
2024-04-08,Nagapattinam,57,28,75,458,100,,13,55,222,1,Respiratory Infection
2024-04-09,Nagapattinam,56,31,79,155,15,,13,85,54,1,Cholera
2024-04-10,Nagapattinam,116,30,72,478,55,,18,53,247,1,Respiratory Infection
2024-04-11,Nagapattinam,51,28,84,572,123,,13,43,321,1,Respiratory Infection
2024-04-12,Nagapattinam,58,30,63,320,73,,12,68,102,1,Cholera
2024-04-13,Nagapattinam,37,31,85,105,18,,12,90,42,0,Flu
2024-04-14,Nagapattinam,20,31,72,251,34,69.0,9,75,53,0,Typhoid
2024-04-15,Nagapattinam,57,30,90,405,60,,14,60,190,1,Cholera
2024-04-16,Nagapattinam,1,31,86,127,18,,8,88,32,0,Flu
2024-04-17,Nagapattinam,64,27,87,179,46,,15,83,81,1,Cholera
2024-04-18,Nagapattinam,123,26,60,174,46,,18,83,53,1,Cholera
2024-04-19,Nagapattinam,86,27,76,214,44,,16,79,54,1,Cholera
2024-04-20,Nagapattinam,71,29,73,348,93,,14,66,165,1,Cholera
2024-04-21,Nagapattinam,62,29,72,516,123,212.0,13,49,158,1,Respiratory Infection
2024-04-22,Nagapattinam,43,31,94,514,95,,13,49,130,1,Respiratory Infection
2024-04-23,Nagapattinam,103,29,77,593,143,,18,41,209,1,Respiratory Infection
2024-04-24,Nagapattinam,112,26,83,161,23,,19,84,78,1,Dengue
2024-04-25,Nagapattinam,113,28,93,386,57,,20,62,150,1,Dengue
2024-04-26,Nagapattinam,48,27,69,203,27,,11,80,110,0,Flu
2024-04-27,Nagapattinam,11,31,75,480,53,,8,52,281,1,Respiratory Infection
2024-04-28,Nagapattinam,68,27,87,218,61,46.0,15,79,88,1,Cholera
2024-04-29,Nagapattinam,42,28,80,599,97,,12,41,325,1,Respiratory Infection
2024-01-01,Cuddalore,67,32,71,538,74,,13,47,180,1,Respiratory Infection
2024-01-02,Cuddalore,63,33,80,431,125,,14,57,87,1,Cholera
2024-01-03,Cuddalore,55,29,62,473,88,,11,53,253,1,Respiratory Infection
2024-01-04,Cuddalore,78,30,93,165,46,,17,84,59,1,Cholera
2024-01-05,Cuddalore,33,29,61,175,30,,9,83,68,0,Flu
2024-01-06,Cuddalore,42,29,74,195,51,,11,81,74,0,Flu
2024-01-07,Cuddalore,23,32,78,143,28,36.0,10,86,38,0,Flu
2024-01-08,Cuddalore,62,29,72,147,22,,13,86,71,1,Cholera
2024-01-09,Cuddalore,83,33,84,103,21,,16,90,21,1,Dengue
2024-01-10,Cuddalore,61,31,91,172,20,,15,83,44,1,Cholera
2024-01-11,Cuddalore,107,29,76,279,83,,18,73,109,1,Cholera
2024-01-12,Cuddalore,88,32,89,595,138,,17,41,296,1,Dengue
2024-01-13,Cuddalore,34,28,63,244,70,,9,76,142,0,Flu
2024-01-14,Cuddalore,41,30,82,298,70,107.0,12,71,119,0,Typhoid
2024-01-15,Cuddalore,38,29,85,432,82,,12,57,187,0,Typhoid
2024-01-16,Cuddalore,66,29,84,183,20,,15,82,89,1,Cholera
2024-01-17,Cuddalore,46,30,60,191,19,,10,81,88,0,Flu
2024-01-18,Cuddalore,51,33,94,517,143,,14,49,115,1,Respiratory Infection
2024-01-19,Cuddalore,121,32,76,526,114,,19,48,183,1,Respiratory Infection
2024-01-20,Cuddalore,83,33,89,129,22,,17,88,29,1,Dengue
2024-01-21,Cuddalore,0,29,65,408,89,194.0,6,60,234,0,Typhoid
2024-01-22,Cuddalore,19,33,61,224,34,,8,78,54,0,Flu
2024-01-23,Cuddalore,64,30,67,510,70,,13,49,179,1,Respiratory Infection
2024-01-24,Cuddalore,73,32,64,534,80,,13,47,315,1,Respiratory Infection
2024-01-25,Cuddalore,105,29,76,265,40,,18,74,83,1,Cholera
2024-01-26,Cuddalore,46,29,87,163,23,,13,84,32,0,Flu
2024-01-27,Cuddalore,129,29,88,189,35,,21,82,55,1,Dengue
2024-01-28,Cuddalore,55,33,78,344,82,70.0,13,66,93,1,Cholera
2024-01-29,Cuddalore,21,31,73,274,48,,9,73,94,0,Typhoid
2024-01-30,Cuddalore,36,31,68,314,78,,10,69,93,0,Typhoid
2024-01-31,Cuddalore,47,31,92,317,31,,13,69,143,0,Typhoid
2024-02-01,Cuddalore,61,30,80,528,59,,14,48,312,1,Respiratory Infection
2024-02-02,Cuddalore,79,32,84,388,74,,16,62,178,1,Cholera
2024-02-03,Cuddalore,99,31,72,491,49,,17,51,173,1,Respiratory Infection
2024-02-04,Cuddalore,56,28,89,184,45,,14,82,45,1,Cholera
2024-02-05,Cuddalore,0,32,84,586,118,,8,42,133,1,Respiratory Infection
2024-02-06,Cuddalore,0,30,90,399,93,,9,61,170,0,Typhoid
2024-02-07,Cuddalore,25,33,79,587,99,260.0,10,42,180,1,Respiratory Infection
2024-02-08,Cuddalore,65,29,80,141,37,,14,86,62,1,Cholera
2024-02-09,Cuddalore,29,29,80,543,123,,10,46,247,1,Respiratory Infection
2024-02-10,Cuddalore,82,32,61,325,38,,14,68,194,1,Cholera
2024-02-11,Cuddalore,11,32,72,147,31,,8,86,68,0,Flu
2024-02-12,Cuddalore,97,29,88,480,70,,18,52,181,1,Dengue
2024-02-13,Cuddalore,72,31,74,554,134,,14,45,217,1,Respiratory Infection
2024-02-14,Cuddalore,39,29,63,374,70,87.0,10,63,154,0,Typhoid
2024-02-15,Cuddalore,61,28,88,401,93,,14,60,131,1,Cholera
2024-02-16,Cuddalore,75,31,94,474,108,,16,53,181,1,Respiratory Infection
2024-02-17,Cuddalore,5,29,91,254,75,,9,75,53,0,Typhoid
2024-02-18,Cuddalore,65,29,66,598,119,,13,41,251,1,Respiratory Infection
2024-02-19,Cuddalore,72,31,66,365,63,,13,64,111,1,Cholera
2024-02-20,Cuddalore,120,30,75,114,29,,19,89,45,1,Cholera
2024-02-21,Cuddalore,57,28,66,156,45,71.0,12,85,49,1,Cholera
2024-02-22,Cuddalore,38,32,76,205,32,,11,80,57,0,Flu
2024-02-23,Cuddalore,54,29,80,260,31,,13,74,66,1,Cholera
2024-02-24,Cuddalore,91,32,71,123,31,,16,88,70,1,Cholera
2024-02-25,Cuddalore,91,31,83,285,66,,17,72,116,1,Dengue
2024-02-26,Cuddalore,52,30,61,440,55,,11,56,94,1,Cholera
2024-02-27,Cuddalore,80,33,78,481,89,,15,52,237,1,Respiratory Infection
2024-02-28,Cuddalore,38,33,89,181,24,54.0,12,82,94,0,Flu
2024-02-29,Cuddalore,55,31,93,144,26,,14,86,83,1,Cholera
2024-03-01,Cuddalore,75,33,70,162,30,,14,84,35,1,Cholera
2024-03-02,Cuddalore,76,28,70,264,68,,14,74,88,1,Cholera
2024-03-03,Cuddalore,97,31,90,192,51,,18,81,92,1,Dengue
2024-03-04,Cuddalore,63,31,61,442,87,,12,56,170,1,Cholera
2024-03-05,Cuddalore,63,31,93,284,39,,15,72,69,1,Cholera
2024-03-06,Cuddalore,98,33,87,357,92,,18,65,162,1,Dengue
2024-03-07,Cuddalore,27,30,84,279,55,86.0,11,73,143,0,Typhoid
2024-03-08,Cuddalore,27,31,94,269,40,,12,74,104,0,Typhoid
2024-03-09,Cuddalore,19,31,64,447,91,,8,56,148,0,Typhoid
2024-03-10,Cuddalore,85,29,69,384,41,,15,62,145,1,Cholera
2024-03-11,Cuddalore,0,28,66,543,55,,6,46,287,1,Respiratory Infection
2024-03-12,Cuddalore,82,28,84,277,38,,16,73,95,1,Dengue
2024-03-13,Cuddalore,72,30,80,254,51,,15,75,91,1,Cholera
2024-03-14,Cuddalore,44,28,90,568,114,282.0,13,44,115,1,Respiratory Infection
2024-03-15,Cuddalore,42,32,64,141,30,,10,86,68,0,Flu
2024-03-16,Cuddalore,46,31,92,435,52,,13,57,236,0,Typhoid
2024-03-17,Cuddalore,24,28,67,221,57,,9,78,92,0,Flu
2024-03-18,Cuddalore,61,28,83,573,73,,14,43,217,1,Respiratory Infection
2024-03-19,Cuddalore,31,30,60,128,14,,9,88,49,0,Flu
2024-03-20,Cuddalore,16,28,80,169,41,,9,84,49,0,Flu
2024-03-21,Cuddalore,80,32,65,358,57,109.0,14,65,72,1,Cholera
2024-03-22,Cuddalore,117,30,68,237,61,,18,77,97,1,Cholera
2024-03-23,Cuddalore,86,32,76,497,128,,16,51,123,1,Respiratory Infection
2024-03-24,Cuddalore,86,28,82,415,62,,16,59,236,1,Dengue
2024-03-25,Cuddalore,116,31,60,298,57,,17,71,165,1,Cholera
2024-03-26,Cuddalore,67,31,84,482,68,,15,52,120,1,Respiratory Infection
2024-03-27,Cuddalore,9,33,67,513,136,,7,49,188,1,Respiratory Infection
2024-03-28,Cuddalore,13,30,70,298,49,148.0,8,71,112,0,Typhoid
2024-03-29,Cuddalore,0,31,81,305,52,,8,70,164,0,Typhoid
2024-03-30,Cuddalore,56,33,79,563,62,,13,44,318,1,Respiratory Infection
2024-03-31,Cuddalore,35,33,60,424,120,,9,58,214,0,Typhoid
2024-04-01,Cuddalore,50,28,63,418,108,,11,59,154,0,Typhoid
2024-04-02,Cuddalore,54,31,67,546,117,,12,46,306,1,Respiratory Infection
2024-04-03,Cuddalore,76,28,72,400,96,,14,60,113,1,Cholera
2024-04-04,Cuddalore,30,32,85,358,39,,11,65,95,0,Typhoid
2024-04-05,Cuddalore,18,28,60,493,104,,7,51,100,1,Respiratory Infection
2024-04-06,Cuddalore,83,33,72,253,60,,15,75,80,1,Cholera
2024-04-07,Cuddalore,52,29,61,305,61,95.0,11,70,158,1,Cholera
2024-04-08,Cuddalore,148,30,60,460,95,,20,54,96,1,Respiratory Infection
2024-04-09,Cuddalore,0,31,92,366,48,,9,64,103,0,Typhoid
2024-04-10,Cuddalore,108,30,90,455,86,,19,55,144,1,Dengue
2024-04-11,Cuddalore,131,30,75,411,41,,20,59,142,1,Cholera
2024-04-12,Cuddalore,134,32,86,516,108,,22,49,302,1,Dengue
2024-04-13,Cuddalore,21,31,87,584,90,,10,42,178,1,Respiratory Infection
2024-04-14,Cuddalore,110,30,75,384,113,148.0,18,62,135,1,Cholera
2024-04-15,Cuddalore,33,29,86,530,124,,11,47,276,1,Respiratory Infection
2024-04-16,Cuddalore,76,33,76,439,59,,15,57,195,1,Cholera
2024-04-17,Cuddalore,109,32,88,521,84,,19,48,126,1,Dengue
2024-04-18,Cuddalore,44,31,73,107,12,,11,90,29,0,Flu
2024-04-19,Cuddalore,60,29,85,219,58,,14,79,106,1,Cholera
2024-04-20,Cuddalore,90,31,71,454,76,,16,55,271,1,Respiratory Infection
2024-04-21,Cuddalore,133,30,70,359,57,159.0,20,65,193,1,Cholera
2024-04-22,Cuddalore,124,28,89,379,103,,21,63,201,1,Dengue
2024-04-23,Cuddalore,81,29,92,500,136,,17,50,131,1,Dengue
2024-04-24,Cuddalore,48,28,73,284,74,,12,72,76,0,Typhoid
2024-04-25,Cuddalore,57,31,83,414,69,,14,59,180,1,Cholera
2024-04-26,Cuddalore,73,29,82,103,11,,15,90,27,1,Cholera
2024-04-27,Cuddalore,28,33,72,195,53,,10,81,111,0,Flu
2024-04-28,Cuddalore,67,33,61,167,45,53.0,12,84,61,1,Cholera
2024-04-29,Cuddalore,99,30,72,174,30,,17,83,60,1,Cholera
2024-01-01,Kanchipuram,47,31,64,169,29,,11,84,53,0,Flu
2024-01-02,Kanchipuram,43,33,83,154,32,,12,85,76,0,Flu
2024-01-03,Kanchipuram,53,31,71,556,81,,12,45,175,1,Respiratory Infection
2024-01-04,Kanchipuram,12,30,80,106,21,,9,90,44,0,Flu
2024-01-05,Kanchipuram,46,31,64,205,55,,11,80,59,0,Flu
2024-01-06,Kanchipuram,77,32,91,450,103,,16,55,147,1,Cholera
2024-01-07,Kanchipuram,128,31,64,277,37,122.0,19,73,127,1,Cholera
2024-01-08,Kanchipuram,57,30,88,430,86,,14,57,201,1,Cholera
2024-01-09,Kanchipuram,42,35,71,327,48,,11,68,177,0,Typhoid
2024-01-10,Kanchipuram,95,33,72,246,44,,16,76,79,1,Cholera
2024-01-11,Kanchipuram,22,30,68,452,72,,9,55,221,1,Respiratory Infection
2024-01-12,Kanchipuram,31,34,66,593,161,,9,41,158,1,Respiratory Infection
2024-01-13,Kanchipuram,91,34,80,405,108,,17,60,142,1,Cholera
2024-01-14,Kanchipuram,77,33,82,219,22,75.0,15,79,45,1,Cholera
2024-01-15,Kanchipuram,106,32,90,252,57,,19,75,114,1,Dengue
2024-01-16,Kanchipuram,69,32,74,105,30,,14,90,53,1,Cholera
2024-01-17,Kanchipuram,90,33,65,254,50,,15,75,57,1,Cholera
2024-01-18,Kanchipuram,51,31,80,340,98,,13,66,152,1,Cholera
2024-01-19,Kanchipuram,162,33,63,247,33,,22,76,98,1,Cholera
2024-01-20,Kanchipuram,58,34,86,325,63,,14,68,113,1,Cholera
2024-01-21,Kanchipuram,26,35,83,537,95,193.0,10,47,290,1,Respiratory Infection
2024-01-22,Kanchipuram,35,31,61,596,139,,9,41,315,1,Respiratory Infection
2024-01-23,Kanchipuram,6,31,90,479,106,,9,53,273,1,Respiratory Infection
2024-01-24,Kanchipuram,69,35,72,235,50,,14,77,112,1,Cholera
2024-01-25,Kanchipuram,57,34,80,182,47,,13,82,54,1,Cholera
2024-01-26,Kanchipuram,86,35,62,580,94,,14,42,118,1,Respiratory Infection
2024-01-27,Kanchipuram,30,30,91,412,118,,12,59,149,0,Typhoid
2024-01-28,Kanchipuram,84,34,66,232,61,92.0,15,77,100,1,Cholera
2024-01-29,Kanchipuram,136,31,62,500,130,,19,50,169,1,Respiratory Infection
2024-01-30,Kanchipuram,30,33,91,383,111,,12,62,148,0,Typhoid
2024-01-31,Kanchipuram,87,32,67,297,42,,15,71,131,1,Cholera
2024-02-01,Kanchipuram,81,32,83,242,59,,16,76,89,1,Dengue
2024-02-02,Kanchipuram,41,31,83,127,37,,12,88,53,0,Flu
2024-02-03,Kanchipuram,78,30,78,233,67,,15,77,139,1,Cholera
2024-02-04,Kanchipuram,57,31,69,335,97,,12,67,127,1,Cholera
2024-02-05,Kanchipuram,61,31,62,284,41,,12,72,58,1,Cholera
2024-02-06,Kanchipuram,91,31,92,540,141,,18,46,181,1,Dengue
2024-02-07,Kanchipuram,62,35,73,539,65,222.0,13,47,115,1,Respiratory Infection
2024-02-08,Kanchipuram,139,34,60,242,33,,19,76,132,1,Cholera
2024-02-09,Kanchipuram,37,31,64,581,156,,10,42,312,1,Respiratory Infection
2024-02-10,Kanchipuram,64,35,70,397,98,,13,61,174,1,Cholera
2024-02-11,Kanchipuram,71,31,71,102,15,,14,90,41,1,Cholera
2024-02-12,Kanchipuram,128,35,63,141,36,,19,86,68,1,Cholera
2024-02-13,Kanchipuram,12,34,65,484,108,,7,52,210,1,Respiratory Infection
2024-02-14,Kanchipuram,9,33,87,309,90,145.0,9,70,142,0,Typhoid
2024-02-15,Kanchipuram,8,34,63,318,80,,7,69,92,0,Typhoid
2024-02-16,Kanchipuram,19,33,94,221,28,,11,78,81,0,Flu
2024-02-17,Kanchipuram,24,31,92,114,29,,11,89,51,0,Flu
2024-02-18,Kanchipuram,127,33,84,159,43,,21,85,46,1,Dengue
2024-02-19,Kanchipuram,61,31,71,414,69,,13,59,196,1,Cholera
2024-02-20,Kanchipuram,64,35,73,585,107,,13,42,308,1,Respiratory Infection
2024-02-21,Kanchipuram,167,33,83,447,60,121.0,25,56,146,1,Dengue
2024-02-22,Kanchipuram,86,30,76,423,52,,16,58,109,1,Cholera
2024-02-23,Kanchipuram,56,34,77,127,14,,13,88,74,1,Cholera
2024-02-24,Kanchipuram,50,34,87,422,93,,13,58,100,0,Typhoid
2024-02-25,Kanchipuram,73,31,81,244,35,,15,76,63,1,Cholera
2024-02-26,Kanchipuram,58,32,78,181,28,,13,82,98,1,Cholera
2024-02-27,Kanchipuram,90,30,80,220,32,,17,78,87,1,Cholera
2024-02-28,Kanchipuram,0,35,68,239,62,48.0,6,77,128,0,Flu
2024-02-29,Kanchipuram,37,30,63,143,14,,10,86,77,0,Flu
2024-03-01,Kanchipuram,18,31,64,162,38,,8,84,55,0,Flu
2024-03-02,Kanchipuram,88,33,91,362,102,,17,64,158,1,Dengue
2024-03-03,Kanchipuram,72,34,91,400,94,,16,60,126,1,Cholera
2024-03-04,Kanchipuram,39,31,74,138,28,,11,87,47,0,Flu
2024-03-05,Kanchipuram,46,33,73,229,39,,11,78,88,0,Flu
2024-03-06,Kanchipuram,67,34,62,178,23,,12,83,80,1,Cholera
2024-03-07,Kanchipuram,130,30,89,554,97,127.0,21,45,138,1,Dengue
2024-03-08,Kanchipuram,31,35,69,536,53,,10,47,225,1,Respiratory Infection
2024-03-09,Kanchipuram,52,30,70,322,68,,12,68,100,1,Cholera
2024-03-10,Kanchipuram,96,31,64,229,62,,16,78,89,1,Cholera
2024-03-11,Kanchipuram,59,31,74,274,30,,13,73,94,1,Cholera
2024-03-12,Kanchipuram,55,32,61,251,32,,11,75,150,1,Cholera
2024-03-13,Kanchipuram,42,35,84,580,138,,12,42,216,1,Respiratory Infection
2024-03-14,Kanchipuram,71,30,77,165,20,46.0,14,84,57,1,Cholera
2024-03-15,Kanchipuram,83,30,61,121,24,,14,88,42,1,Cholera
2024-03-16,Kanchipuram,54,35,82,548,143,,13,46,131,1,Respiratory Infection
2024-03-17,Kanchipuram,38,30,69,101,27,,10,90,27,0,Flu
2024-03-18,Kanchipuram,26,31,76,185,40,,10,82,92,0,Flu
2024-03-19,Kanchipuram,32,35,93,383,43,,12,62,123,0,Typhoid
2024-03-20,Kanchipuram,86,35,73,189,36,,15,82,65,1,Cholera
2024-03-21,Kanchipuram,79,31,61,167,27,77.0,14,84,83,1,Cholera
2024-03-22,Kanchipuram,37,34,61,357,102,,9,65,154,0,Typhoid
2024-03-23,Kanchipuram,53,32,78,232,39,,13,77,126,1,Cholera
2024-03-24,Kanchipuram,71,32,63,401,96,,13,60,98,1,Cholera
2024-03-25,Kanchipuram,75,33,76,462,126,,15,54,216,1,Respiratory Infection
2024-03-26,Kanchipuram,59,32,83,367,80,,14,64,171,1,Cholera
2024-03-27,Kanchipuram,44,31,62,220,31,,10,78,122,0,Flu
2024-03-28,Kanchipuram,78,32,77,348,99,124.0,15,66,169,1,Cholera
2024-03-29,Kanchipuram,71,35,88,452,121,,15,55,141,1,Respiratory Infection
2024-03-30,Kanchipuram,0,32,64,310,80,,6,69,135,0,Typhoid
2024-03-31,Kanchipuram,75,35,64,398,109,,13,61,218,1,Cholera
2024-04-01,Kanchipuram,24,34,84,326,51,,10,68,187,0,Typhoid
2024-04-02,Kanchipuram,93,34,65,137,32,,15,87,32,1,Cholera
2024-04-03,Kanchipuram,91,35,76,558,103,,16,45,208,1,Respiratory Infection
2024-04-04,Kanchipuram,89,31,88,230,24,,17,77,58,1,Dengue
2024-04-05,Kanchipuram,28,34,90,390,112,,11,61,83,0,Typhoid
2024-04-06,Kanchipuram,135,31,88,567,98,,22,44,206,1,Dengue
2024-04-07,Kanchipuram,86,33,65,191,52,43.0,15,81,70,1,Cholera
2024-04-08,Kanchipuram,25,30,94,281,37,,11,72,163,0,Typhoid
2024-04-09,Kanchipuram,6,35,73,498,87,,7,51,171,1,Respiratory Infection
2024-04-10,Kanchipuram,59,34,77,362,90,,13,64,177,1,Cholera
2024-04-11,Kanchipuram,68,31,62,263,67,,13,74,102,1,Cholera
2024-04-12,Kanchipuram,150,30,60,306,91,,21,70,149,1,Cholera
2024-04-13,Kanchipuram,0,33,90,490,75,,9,51,150,1,Respiratory Infection
2024-04-14,Kanchipuram,11,34,69,518,140,233.0,8,49,160,1,Respiratory Infection
2024-04-15,Kanchipuram,63,35,82,116,19,,14,89,52,1,Cholera
2024-04-16,Kanchipuram,66,32,75,239,56,,14,77,107,1,Cholera
2024-04-17,Kanchipuram,67,31,92,220,61,,15,78,93,1,Cholera
2024-04-18,Kanchipuram,109,31,68,551,57,,17,45,303,1,Respiratory Infection
2024-04-19,Kanchipuram,107,32,70,283,51,,17,72,138,1,Cholera
2024-04-20,Kanchipuram,78,35,77,495,146,,15,51,177,1,Respiratory Infection
2024-04-21,Kanchipuram,0,33,73,497,144,243.0,7,51,139,1,Respiratory Infection
2024-04-22,Kanchipuram,70,33,62,247,60,,13,76,118,1,Cholera
2024-04-23,Kanchipuram,43,30,76,115,22,,11,89,42,0,Flu
2024-04-24,Kanchipuram,80,31,76,401,67,,15,60,111,1,Cholera
2024-04-25,Kanchipuram,112,32,94,235,45,,20,77,64,1,Dengue
2024-04-26,Kanchipuram,19,30,66,562,147,,8,44,202,1,Respiratory Infection
2024-04-27,Kanchipuram,158,30,72,221,30,,23,78,55,1,Cholera
2024-04-28,Kanchipuram,88,33,62,537,127,139.0,15,47,265,1,Respiratory Infection
2024-04-29,Kanchipuram,107,32,89,317,42,,19,69,76,1,Dengue
2024-01-01,Tiruvallur,0,34,85,464,123,,8,54,140,1,Respiratory Infection
2024-01-02,Tiruvallur,64,34,61,120,31,,12,88,33,1,Cholera
2024-01-03,Tiruvallur,58,31,80,197,23,,13,81,112,1,Cholera
2024-01-04,Tiruvallur,49,35,87,169,26,,13,84,98,0,Flu
2024-01-05,Tiruvallur,52,31,82,186,50,,13,82,70,1,Cholera
2024-01-06,Tiruvallur,87,31,73,101,15,,16,90,40,1,Cholera
2024-01-07,Tiruvallur,54,30,71,388,77,111.0,12,62,90,1,Cholera
2024-01-08,Tiruvallur,32,33,71,480,124,,10,52,276,1,Respiratory Infection
2024-01-09,Tiruvallur,100,32,82,376,90,,18,63,188,1,Dengue
2024-01-10,Tiruvallur,5,30,81,215,25,,8,79,45,0,Flu
2024-01-11,Tiruvallur,19,35,86,294,42,,10,71,148,0,Typhoid
2024-01-12,Tiruvallur,16,35,70,348,44,,8,66,164,0,Typhoid
2024-01-13,Tiruvallur,32,31,78,357,60,,11,65,107,0,Typhoid
2024-01-14,Tiruvallur,116,31,78,428,105,87.0,19,58,253,1,Cholera
2024-01-15,Tiruvallur,52,34,87,199,54,,13,81,98,1,Cholera
2024-01-16,Tiruvallur,79,34,92,514,117,,17,49,127,1,Respiratory Infection
2024-01-17,Tiruvallur,38,31,66,344,69,,10,66,173,0,Typhoid
2024-01-18,Tiruvallur,69,32,60,265,39,,12,74,60,1,Cholera
2024-01-19,Tiruvallur,88,33,81,220,57,,16,78,103,1,Dengue
2024-01-20,Tiruvallur,17,33,85,130,34,,10,87,44,0,Flu
2024-01-21,Tiruvallur,28,33,68,518,64,106.0,9,49,139,1,Respiratory Infection
2024-01-22,Tiruvallur,51,35,73,585,122,,12,42,230,1,Respiratory Infection
2024-01-23,Tiruvallur,47,32,71,216,24,,11,79,45,0,Flu
2024-01-24,Tiruvallur,71,35,79,201,30,,15,80,80,1,Cholera
2024-01-25,Tiruvallur,63,35,73,432,93,,13,57,181,1,Cholera
2024-01-26,Tiruvallur,7,35,80,496,54,,8,51,145,1,Respiratory Infection
2024-01-27,Tiruvallur,0,32,62,226,57,,6,78,127,0,Flu
2024-01-28,Tiruvallur,52,35,91,273,48,108.0,14,73,75,1,Cholera
2024-01-29,Tiruvallur,36,30,88,478,135,,12,53,103,1,Respiratory Infection
2024-01-30,Tiruvallur,41,34,90,457,75,,13,55,118,1,Respiratory Infection
2024-01-31,Tiruvallur,9,31,67,128,16,,7,88,28,0,Flu
2024-02-01,Tiruvallur,76,34,87,588,124,,16,42,346,1,Respiratory Infection
2024-02-02,Tiruvallur,98,33,88,327,66,,18,68,126,1,Dengue
2024-02-03,Tiruvallur,51,34,87,415,74,,13,59,164,1,Cholera
2024-02-04,Tiruvallur,81,34,60,579,105,,14,43,172,1,Respiratory Infection
2024-02-05,Tiruvallur,49,32,78,364,45,,12,64,119,0,Typhoid
2024-02-06,Tiruvallur,60,32,88,432,71,,14,57,173,1,Cholera
2024-02-07,Tiruvallur,77,32,70,385,112,174.0,14,62,194,1,Cholera
2024-02-08,Tiruvallur,136,34,85,284,49,,22,72,127,1,Dengue
2024-02-09,Tiruvallur,45,30,81,284,67,,12,72,166,0,Typhoid
2024-02-10,Tiruvallur,75,30,67,211,48,,14,79,56,1,Cholera
2024-02-11,Tiruvallur,34,34,63,576,104,,9,43,225,1,Respiratory Infection
2024-02-12,Tiruvallur,42,35,66,451,101,,10,55,232,1,Respiratory Infection
2024-02-13,Tiruvallur,29,35,81,276,66,,11,73,70,0,Typhoid
2024-02-14,Tiruvallur,120,35,63,313,50,102.0,18,69,119,1,Cholera
2024-02-15,Tiruvallur,25,33,87,510,113,,11,49,287,1,Respiratory Infection
2024-02-16,Tiruvallur,99,33,90,470,89,,18,53,258,1,Dengue
2024-02-17,Tiruvallur,70,32,67,363,101,,13,64,205,1,Cholera
2024-02-18,Tiruvallur,46,35,61,153,37,,10,85,85,0,Flu
2024-02-19,Tiruvallur,0,35,92,255,31,,9,75,60,0,Typhoid
2024-02-20,Tiruvallur,35,35,82,192,42,,11,81,69,0,Flu
2024-02-21,Tiruvallur,39,33,64,532,129,128.0,10,47,145,1,Respiratory Infection
2024-02-22,Tiruvallur,26,34,61,460,61,,8,54,244,1,Respiratory Infection
2024-02-23,Tiruvallur,81,32,68,155,40,,14,85,82,1,Cholera
2024-02-24,Tiruvallur,104,30,86,424,99,,19,58,174,1,Dengue
2024-02-25,Tiruvallur,97,35,69,247,28,,16,76,130,1,Cholera
2024-02-26,Tiruvallur,81,33,89,197,38,,17,81,98,1,Dengue
2024-02-27,Tiruvallur,82,34,87,584,130,,16,42,205,1,Dengue
2024-02-28,Tiruvallur,21,35,89,263,39,96.0,11,74,143,0,Typhoid
2024-02-29,Tiruvallur,78,33,73,197,56,,15,81,60,1,Cholera
2024-03-01,Tiruvallur,66,35,60,300,66,,12,70,147,1,Cholera
2024-03-02,Tiruvallur,132,34,76,504,129,,20,50,133,1,Respiratory Infection
2024-03-03,Tiruvallur,0,33,69,284,82,,6,72,169,0,Typhoid
2024-03-04,Tiruvallur,37,32,93,561,165,,13,44,149,1,Respiratory Infection
2024-03-05,Tiruvallur,157,32,80,516,94,,23,49,265,1,Respiratory Infection
2024-03-06,Tiruvallur,58,32,88,365,76,,14,64,113,1,Cholera
2024-03-07,Tiruvallur,122,32,85,145,21,36.0,20,86,32,1,Dengue
2024-03-08,Tiruvallur,13,35,77,428,55,,9,58,216,0,Typhoid
2024-03-09,Tiruvallur,46,34,76,130,13,,12,87,66,0,Flu
2024-03-10,Tiruvallur,0,32,83,301,61,,8,70,172,0,Typhoid
2024-03-11,Tiruvallur,71,33,78,319,65,,14,69,123,1,Cholera
2024-03-12,Tiruvallur,11,30,79,450,107,,9,55,266,0,Typhoid
2024-03-13,Tiruvallur,100,31,67,249,54,,16,76,114,1,Cholera
2024-03-14,Tiruvallur,32,32,85,586,60,254.0,11,42,305,1,Respiratory Infection
2024-03-15,Tiruvallur,20,33,91,448,53,,11,56,263,0,Typhoid
2024-03-16,Tiruvallur,46,33,61,555,65,,10,45,272,1,Respiratory Infection
2024-03-17,Tiruvallur,19,34,86,536,131,,10,47,232,1,Respiratory Infection
2024-03-18,Tiruvallur,122,31,74,384,103,,19,62,102,1,Cholera
2024-03-19,Tiruvallur,44,33,64,398,80,,10,61,98,0,Typhoid
2024-03-20,Tiruvallur,38,35,82,115,20,,12,89,55,0,Flu
2024-03-21,Tiruvallur,71,35,79,244,60,117.0,15,76,48,1,Cholera
2024-03-22,Tiruvallur,3,31,63,351,63,,6,65,132,0,Typhoid
2024-03-23,Tiruvallur,32,33,84,373,48,,11,63,209,0,Typhoid
2024-03-24,Tiruvallur,75,31,94,538,146,,16,47,115,1,Respiratory Infection
2024-03-25,Tiruvallur,96,30,90,574,156,,18,43,193,1,Dengue
2024-03-26,Tiruvallur,109,31,85,544,68,,19,46,311,1,Dengue
2024-03-27,Tiruvallur,74,31,73,206,26,,14,80,99,1,Cholera
2024-03-28,Tiruvallur,25,34,80,155,41,58.0,10,85,68,0,Flu
2024-03-29,Tiruvallur,40,31,82,515,127,,12,49,296,1,Respiratory Infection
2024-03-30,Tiruvallur,8,35,60,199,26,,6,81,109,0,Flu
2024-03-31,Tiruvallur,47,32,74,567,103,,12,44,291,1,Respiratory Infection
2024-04-01,Tiruvallur,0,34,93,214,53,,9,79,83,0,Flu
2024-04-02,Tiruvallur,138,32,68,395,93,,20,61,141,1,Cholera
2024-04-03,Tiruvallur,73,31,89,471,87,,16,53,260,1,Respiratory Infection
2024-04-04,Tiruvallur,32,35,84,566,115,,11,44,320,1,Respiratory Infection
2024-04-05,Tiruvallur,0,35,86,351,36,,8,65,208,0,Typhoid
2024-04-06,Tiruvallur,63,34,77,267,67,,14,74,89,1,Cholera
2024-04-07,Tiruvallur,41,31,63,129,23,61.0,10,88,52,0,Flu
2024-04-08,Tiruvallur,105,35,83,399,98,,18,61,147,1,Dengue
2024-04-09,Tiruvallur,131,34,94,439,49,,22,57,101,1,Dengue
2024-04-10,Tiruvallur,0,33,80,398,85,,8,61,211,0,Typhoid
2024-04-11,Tiruvallur,111,33,93,217,46,,20,79,99,1,Dengue
2024-04-12,Tiruvallur,13,32,83,567,149,,9,44,285,1,Respiratory Infection
2024-04-13,Tiruvallur,94,32,91,556,66,,18,45,257,1,Dengue
2024-04-14,Tiruvallur,74,34,86,568,101,228.0,16,44,232,1,Respiratory Infection
2024-04-15,Tiruvallur,105,35,65,341,91,,17,66,197,1,Cholera
2024-04-16,Tiruvallur,0,30,91,121,28,,9,88,35,0,Flu
2024-04-17,Tiruvallur,36,31,82,122,30,,11,88,51,0,Flu
2024-04-18,Tiruvallur,87,33,94,314,53,,18,69,146,1,Dengue
2024-04-19,Tiruvallur,48,34,75,420,100,,12,58,170,0,Typhoid
2024-04-20,Tiruvallur,6,35,66,559,129,,7,45,113,1,Respiratory Infection
2024-04-21,Tiruvallur,108,35,64,118,18,24.0,17,89,55,1,Cholera
2024-04-22,Tiruvallur,63,30,67,164,49,,13,84,40,1,Cholera
2024-04-23,Tiruvallur,101,35,68,413,60,,16,59,213,1,Cholera
2024-04-24,Tiruvallur,45,33,65,166,33,,11,84,35,0,Flu
2024-04-25,Tiruvallur,0,34,77,433,93,,7,57,140,0,Typhoid
2024-04-26,Tiruvallur,57,30,65,555,102,,12,45,295,1,Respiratory Infection
2024-04-27,Tiruvallur,65,33,65,117,23,,13,89,58,1,Cholera
2024-04-28,Tiruvallur,63,32,74,448,126,189.0,13,56,228,1,Cholera
2024-04-29,Tiruvallur,86,34,83,397,73,,16,61,234,1,Dengue
2024-01-01,Namakkal,1,32,86,480,57,,8,52,282,1,Respiratory Infection
2024-01-02,Namakkal,103,34,67,475,86,,17,53,142,1,Respiratory Infection
2024-01-03,Namakkal,6,34,90,588,70,,9,42,326,1,Respiratory Infection
2024-01-04,Namakkal,93,31,90,451,123,,18,55,166,1,Dengue
2024-01-05,Namakkal,60,34,77,386,52,,13,62,161,1,Cholera
2024-01-06,Namakkal,60,31,87,520,88,,14,48,296,1,Respiratory Infection
2024-01-07,Namakkal,47,30,65,295,62,94.0,11,71,143,0,Typhoid
2024-01-08,Namakkal,109,35,81,592,135,,19,41,263,1,Dengue
2024-01-09,Namakkal,136,35,72,175,37,,20,83,93,1,Cholera
2024-01-10,Namakkal,47,33,63,193,44,,11,81,76,0,Flu
2024-01-11,Namakkal,13,30,68,573,110,,8,43,125,1,Respiratory Infection
2024-01-12,Namakkal,92,33,87,577,119,,17,43,326,1,Dengue
2024-01-13,Namakkal,13,35,76,402,68,,8,60,89,0,Typhoid
2024-01-14,Namakkal,11,32,69,101,26,40.0,8,90,48,0,Flu
2024-01-15,Namakkal,47,35,69,409,85,,11,60,232,0,Typhoid
2024-01-16,Namakkal,73,30,72,589,153,,14,42,173,1,Respiratory Infection
2024-01-17,Namakkal,52,30,84,590,157,,13,41,350,1,Respiratory Infection
2024-01-18,Namakkal,62,35,90,440,67,,15,56,246,1,Cholera
2024-01-19,Namakkal,45,34,71,160,35,,11,84,68,0,Flu
2024-01-20,Namakkal,37,35,82,339,42,,11,67,86,0,Typhoid
2024-01-21,Namakkal,76,35,92,368,46,177.0,16,64,150,1,Cholera
2024-01-22,Namakkal,117,33,86,541,126,,20,46,290,1,Dengue
2024-01-23,Namakkal,83,31,76,212,34,,15,79,115,1,Cholera
2024-01-24,Namakkal,64,33,92,539,87,,15,47,123,1,Respiratory Infection
2024-01-25,Namakkal,0,33,74,232,53,,7,77,130,0,Flu
2024-01-26,Namakkal,29,30,94,531,121,,12,47,307,1,Respiratory Infection
2024-01-27,Namakkal,91,32,82,182,41,,17,82,61,1,Dengue
2024-01-28,Namakkal,59,31,62,263,45,78.0,12,74,123,1,Cholera
2024-01-29,Namakkal,0,34,67,155,45,,6,85,34,0,Flu
2024-01-30,Namakkal,81,33,91,421,123,,17,58,217,1,Dengue
2024-01-31,Namakkal,44,31,85,132,15,,12,87,38,0,Flu
2024-02-01,Namakkal,0,33,65,590,96,,6,41,298,1,Respiratory Infection
2024-02-02,Namakkal,84,35,93,105,31,,17,90,49,1,Dengue
2024-02-03,Namakkal,72,31,94,568,101,,16,44,221,1,Respiratory Infection
2024-02-04,Namakkal,57,31,86,167,39,,14,84,66,1,Cholera
2024-02-05,Namakkal,50,31,87,116,24,,13,89,42,0,Flu
2024-02-06,Namakkal,37,35,88,583,169,,12,42,181,1,Respiratory Infection
2024-02-07,Namakkal,9,34,72,486,109,119.0,8,52,159,1,Respiratory Infection
2024-02-08,Namakkal,50,34,80,157,37,,13,85,76,0,Flu
2024-02-09,Namakkal,63,33,82,442,105,,14,56,255,1,Cholera
2024-02-10,Namakkal,50,32,89,236,67,,13,77,71,0,Flu
2024-02-11,Namakkal,0,31,60,142,34,,6,86,66,0,Flu
2024-02-12,Namakkal,60,32,85,213,23,,14,79,44,1,Cholera
2024-02-13,Namakkal,52,33,72,143,21,,12,86,56,1,Cholera
2024-02-14,Namakkal,130,33,61,258,34,87.0,19,75,118,1,Cholera
2024-02-15,Namakkal,50,34,87,532,61,,13,47,137,1,Respiratory Infection
2024-02-16,Namakkal,67,32,80,275,53,,14,73,139,1,Cholera
2024-02-17,Namakkal,72,32,75,251,51,,14,75,122,1,Cholera
2024-02-18,Namakkal,41,35,66,423,67,,10,58,224,0,Typhoid
2024-02-19,Namakkal,0,31,94,511,112,,9,49,130,1,Respiratory Infection
2024-02-20,Namakkal,126,35,67,406,52,,19,60,223,1,Cholera
2024-02-21,Namakkal,4,35,90,564,77,219.0,9,44,136,1,Respiratory Infection
2024-02-22,Namakkal,2,34,68,327,70,,7,68,88,0,Typhoid
2024-02-23,Namakkal,60,33,71,393,47,,13,61,204,1,Cholera
2024-02-24,Namakkal,146,35,88,130,25,,23,87,76,1,Dengue
2024-02-25,Namakkal,12,33,83,127,22,,9,88,50,0,Flu
2024-02-26,Namakkal,120,33,90,203,32,,21,80,79,1,Dengue
2024-02-27,Namakkal,58,32,88,223,56,,14,78,67,1,Cholera
2024-02-28,Namakkal,80,34,68,273,57,89.0,14,73,158,1,Cholera
2024-02-29,Namakkal,106,30,60,491,106,,16,51,206,1,Respiratory Infection
2024-03-01,Namakkal,107,34,81,595,164,,18,41,356,1,Dengue
2024-03-02,Namakkal,51,30,62,534,149,,11,47,246,1,Respiratory Infection
2024-03-03,Namakkal,136,33,70,324,43,,20,68,189,1,Cholera
2024-03-04,Namakkal,84,35,73,228,24,,15,78,106,1,Cholera
2024-03-05,Namakkal,58,35,60,188,54,,11,82,59,1,Cholera
2024-03-06,Namakkal,51,32,94,299,59,,14,71,90,1,Cholera
2024-03-07,Namakkal,69,31,63,399,63,117.0,13,61,112,1,Cholera
2024-03-08,Namakkal,72,33,62,176,39,,13,83,48,1,Cholera
2024-03-09,Namakkal,24,30,66,570,143,,9,43,149,1,Respiratory Infection
2024-03-10,Namakkal,62,33,64,326,41,,12,68,163,1,Cholera
2024-03-11,Namakkal,132,33,69,295,43,,20,71,175,1,Cholera
2024-03-12,Namakkal,9,30,79,471,118,,8,53,203,1,Respiratory Infection
2024-03-13,Namakkal,45,35,61,380,53,,10,62,172,0,Typhoid
2024-03-14,Namakkal,58,34,72,435,56,87.0,13,57,252,1,Cholera
2024-03-15,Namakkal,105,34,89,531,92,,19,47,114,1,Dengue
2024-03-16,Namakkal,82,33,91,455,73,,17,55,132,1,Dengue
2024-03-17,Namakkal,56,32,91,461,119,,14,54,156,1,Respiratory Infection
2024-03-18,Namakkal,44,30,78,517,69,,12,49,150,1,Respiratory Infection
2024-03-19,Namakkal,81,32,84,543,156,,16,46,270,1,Dengue
2024-03-20,Namakkal,100,35,72,225,38,,17,78,78,1,Cholera
2024-03-21,Namakkal,60,35,85,372,66,111.0,14,63,158,1,Cholera
2024-03-22,Namakkal,118,34,62,390,57,,18,61,188,1,Cholera
2024-03-23,Namakkal,94,34,69,338,100,,16,67,132,1,Cholera
2024-03-24,Namakkal,3,33,63,226,48,,6,78,58,0,Flu
2024-03-25,Namakkal,123,33,89,491,60,,21,51,291,1,Dengue
2024-03-26,Namakkal,34,30,78,383,42,,11,62,196,0,Typhoid
2024-03-27,Namakkal,10,30,87,288,60,,9,72,161,0,Typhoid
2024-03-28,Namakkal,58,32,74,457,82,133.0,13,55,171,1,Respiratory Infection
2024-03-29,Namakkal,75,34,93,283,49,,16,72,96,1,Cholera
2024-03-30,Namakkal,73,30,85,103,15,,15,90,61,1,Cholera
2024-03-31,Namakkal,70,35,93,525,91,,16,48,205,1,Respiratory Infection
2024-04-01,Namakkal,20,30,60,271,58,,8,73,143,0,Typhoid
2024-04-02,Namakkal,38,32,62,135,17,,10,87,45,0,Flu
2024-04-03,Namakkal,81,34,69,205,22,,15,80,53,1,Cholera
2024-04-04,Namakkal,90,34,61,239,63,,15,77,65,1,Cholera
2024-04-05,Namakkal,118,31,80,563,145,,19,44,125,1,Respiratory Infection
2024-04-06,Namakkal,8,34,83,181,40,,9,82,54,0,Flu
2024-04-07,Namakkal,95,31,75,417,68,87.0,17,59,118,1,Cholera
2024-04-08,Namakkal,65,33,63,547,73,,12,46,263,1,Respiratory Infection
2024-04-09,Namakkal,41,33,74,193,24,,11,81,40,0,Flu
2024-04-10,Namakkal,28,35,72,589,134,,10,42,158,1,Respiratory Infection
2024-04-11,Namakkal,88,30,83,113,20,,17,89,48,1,Dengue
2024-04-12,Namakkal,8,34,66,545,79,,7,46,307,1,Respiratory Infection
2024-04-13,Namakkal,0,30,64,230,63,,6,77,61,0,Flu
2024-04-14,Namakkal,87,35,67,331,90,107.0,15,67,90,1,Cholera
2024-04-15,Namakkal,21,35,67,197,52,,8,81,80,0,Flu
2024-04-16,Namakkal,118,33,81,254,32,,19,75,139,1,Dengue
2024-04-17,Namakkal,76,32,73,456,60,,14,55,182,1,Respiratory Infection
2024-04-18,Namakkal,86,32,61,490,113,,14,51,162,1,Respiratory Infection
2024-04-19,Namakkal,142,34,90,209,24,,23,80,67,1,Dengue
2024-04-20,Namakkal,47,33,71,285,66,,11,72,71,0,Typhoid
2024-04-21,Namakkal,39,35,74,112,20,24.0,11,89,54,0,Flu
2024-04-22,Namakkal,45,31,90,403,60,,13,60,178,0,Typhoid
2024-04-23,Namakkal,84,34,73,585,94,,15,42,338,1,Respiratory Infection
2024-04-24,Namakkal,52,34,73,371,39,,12,63,141,1,Cholera
2024-04-25,Namakkal,80,33,92,346,78,,17,66,92,1,Cholera
2024-04-26,Namakkal,78,33,80,321,78,,15,68,156,1,Cholera
2024-04-27,Namakkal,0,33,90,233,25,,9,77,91,0,Flu
2024-04-28,Namakkal,96,35,71,352,74,94.0,16,65,147,1,Cholera
2024-04-29,Namakkal,48,32,61,493,52,,10,51,182,1,Respiratory Infection
2024-01-01,Perambalur,34,31,80,275,44,,11,73,142,0,Typhoid
2024-01-02,Perambalur,105,27,67,368,62,,17,64,203,1,Cholera
2024-01-03,Perambalur,147,27,75,122,15,,22,88,66,1,Cholera
2024-01-04,Perambalur,113,31,79,564,75,,19,44,304,1,Respiratory Infection
2024-01-05,Perambalur,35,28,80,506,108,,11,50,112,1,Respiratory Infection
2024-01-06,Perambalur,107,29,83,334,36,,19,67,157,1,Dengue
2024-01-07,Perambalur,48,30,69,560,80,162.0,11,44,174,1,Respiratory Infection
2024-01-08,Perambalur,53,27,91,280,32,,14,72,110,1,Cholera
2024-01-09,Perambalur,0,30,86,560,159,,8,44,309,1,Respiratory Infection
2024-01-10,Perambalur,0,30,89,200,30,,8,80,52,0,Flu
2024-01-11,Perambalur,101,28,62,355,50,,16,65,124,1,Cholera
2024-01-12,Perambalur,55,29,63,490,92,,11,51,235,1,Respiratory Infection
2024-01-13,Perambalur,0,27,89,595,173,,8,41,242,1,Respiratory Infection
2024-01-14,Perambalur,55,28,76,470,115,171.0,13,53,192,1,Respiratory Infection
2024-01-15,Perambalur,79,32,92,576,103,,17,43,259,1,Respiratory Infection
2024-01-16,Perambalur,135,30,93,511,75,,22,49,224,1,Dengue
2024-01-17,Perambalur,43,32,89,289,32,,13,72,155,0,Typhoid
2024-01-18,Perambalur,79,30,90,228,53,,16,78,57,1,Cholera
2024-01-19,Perambalur,6,27,74,159,38,,8,85,61,0,Flu
2024-01-20,Perambalur,0,28,79,264,68,,7,74,154,0,Typhoid
2024-01-21,Perambalur,103,27,65,135,28,34.0,16,87,41,1,Cholera
2024-01-22,Perambalur,19,31,79,254,73,,9,75,128,0,Typhoid
2024-01-23,Perambalur,91,31,84,575,106,,17,43,167,1,Dengue
2024-01-24,Perambalur,38,30,63,230,46,,10,77,106,0,Flu
2024-01-25,Perambalur,37,31,93,237,32,,13,77,47,0,Flu
2024-01-26,Perambalur,50,30,79,221,46,,12,78,49,0,Flu
2024-01-27,Perambalur,69,31,76,341,76,,14,66,110,1,Cholera
2024-01-28,Perambalur,119,29,67,185,31,41.0,18,82,85,1,Cholera
2024-01-29,Perambalur,16,27,82,163,20,,9,84,39,0,Flu
2024-01-30,Perambalur,0,30,79,328,62,,7,68,69,0,Typhoid
2024-01-31,Perambalur,33,32,82,593,162,,11,41,354,1,Respiratory Infection
2024-02-01,Perambalur,40,29,91,198,44,,13,81,106,0,Flu
2024-02-02,Perambalur,97,27,82,312,34,,17,69,122,1,Dengue
2024-02-03,Perambalur,36,28,78,193,52,,11,81,48,0,Flu
2024-02-04,Perambalur,38,29,77,219,48,,11,79,98,0,Flu
2024-02-05,Perambalur,38,30,81,391,49,,11,61,92,0,Typhoid
2024-02-06,Perambalur,63,32,77,108,18,,14,90,22,1,Cholera
2024-02-07,Perambalur,23,32,69,347,77,155.0,9,66,114,0,Typhoid
2024-02-08,Perambalur,48,29,82,297,83,,13,71,149,0,Typhoid
2024-02-09,Perambalur,87,32,61,591,62,,14,41,137,1,Respiratory Infection
2024-02-10,Perambalur,60,32,82,168,23,,14,84,44,1,Cholera
2024-02-11,Perambalur,18,32,72,377,84,,9,63,192,0,Typhoid
2024-02-12,Perambalur,103,30,66,119,13,,16,89,54,1,Cholera
2024-02-13,Perambalur,66,29,92,228,46,,15,78,100,1,Cholera
2024-02-14,Perambalur,8,29,67,575,78,171.0,7,43,135,1,Respiratory Infection
2024-02-15,Perambalur,19,28,74,184,43,,9,82,71,0,Flu
2024-02-16,Perambalur,73,30,75,205,33,,14,80,110,1,Cholera
2024-02-17,Perambalur,130,32,61,526,124,,19,48,112,1,Respiratory Infection
2024-02-18,Perambalur,78,27,92,281,81,,17,72,59,1,Cholera
2024-02-19,Perambalur,24,27,66,596,71,,9,41,246,1,Respiratory Infection
2024-02-20,Perambalur,65,31,82,388,70,,14,62,140,1,Cholera
2024-02-21,Perambalur,69,29,90,315,79,98.0,15,69,100,1,Cholera
2024-02-22,Perambalur,109,28,74,406,86,,18,60,131,1,Cholera
2024-02-23,Perambalur,41,29,94,555,140,,13,45,254,1,Respiratory Infection
2024-02-24,Perambalur,17,29,65,581,79,,8,42,287,1,Respiratory Infection
2024-02-25,Perambalur,35,31,72,168,25,,10,84,42,0,Flu
2024-02-26,Perambalur,92,29,92,568,106,,18,44,259,1,Dengue
2024-02-27,Perambalur,73,27,61,376,94,,13,63,165,1,Cholera
2024-02-28,Perambalur,118,30,83,574,155,262.0,20,43,315,1,Dengue
2024-02-29,Perambalur,0,30,66,456,70,,6,55,256,1,Respiratory Infection
2024-03-01,Perambalur,66,28,79,285,50,,14,72,68,1,Cholera
2024-03-02,Perambalur,33,31,82,335,89,,11,67,155,0,Typhoid
2024-03-03,Perambalur,100,28,83,459,132,,18,55,166,1,Dengue
2024-03-04,Perambalur,12,28,72,548,58,,8,46,259,1,Respiratory Infection
2024-03-05,Perambalur,27,28,94,469,109,,12,54,176,1,Respiratory Infection
2024-03-06,Perambalur,61,30,60,385,53,,12,62,151,1,Cholera
2024-03-07,Perambalur,86,27,66,344,66,121.0,15,66,200,1,Cholera
2024-03-08,Perambalur,0,28,72,134,22,,7,87,60,0,Flu
2024-03-09,Perambalur,95,30,62,421,125,,15,58,104,1,Cholera
2024-03-10,Perambalur,38,31,61,549,60,,9,46,206,1,Respiratory Infection
2024-03-11,Perambalur,71,29,81,113,12,,15,89,48,1,Cholera
2024-03-12,Perambalur,160,28,83,567,147,,24,44,159,1,Dengue
2024-03-13,Perambalur,117,28,84,474,78,,20,53,140,1,Dengue
2024-03-14,Perambalur,25,32,89,427,98,184.0,11,58,110,0,Typhoid
2024-03-15,Perambalur,39,28,82,481,134,,12,52,228,1,Respiratory Infection
2024-03-16,Perambalur,80,29,73,508,76,,15,50,174,1,Respiratory Infection
2024-03-17,Perambalur,52,27,73,229,59,,12,78,48,1,Cholera
2024-03-18,Perambalur,46,31,88,589,80,,13,42,341,1,Respiratory Infection
2024-03-19,Perambalur,49,32,69,257,43,,11,75,61,0,Typhoid
2024-03-20,Perambalur,104,32,93,361,103,,19,64,77,1,Dengue
2024-03-21,Perambalur,34,30,68,381,71,109.0,10,62,123,0,Typhoid
2024-03-22,Perambalur,39,27,68,424,97,,10,58,240,0,Typhoid
2024-03-23,Perambalur,57,27,91,520,138,,14,48,126,1,Respiratory Infection
2024-03-24,Perambalur,0,32,70,439,60,,7,57,112,0,Typhoid
2024-03-25,Perambalur,77,28,90,410,60,,16,59,144,1,Cholera
2024-03-26,Perambalur,33,30,68,120,18,,10,88,35,0,Flu
2024-03-27,Perambalur,68,32,76,126,30,,14,88,45,1,Cholera
2024-03-28,Perambalur,34,27,87,282,73,116.0,12,72,101,0,Typhoid
2024-03-29,Perambalur,0,32,62,187,46,,6,82,73,0,Flu
2024-03-30,Perambalur,61,30,81,291,61,,14,71,136,1,Cholera
2024-03-31,Perambalur,33,28,83,294,39,,11,71,118,0,Typhoid
2024-04-01,Perambalur,48,28,77,228,61,,12,78,98,0,Flu
2024-04-02,Perambalur,105,29,93,316,33,,19,69,104,1,Dengue
2024-04-03,Perambalur,20,27,83,258,27,,10,75,63,0,Typhoid
2024-04-04,Perambalur,116,31,67,437,44,,18,57,214,1,Cholera
2024-04-05,Perambalur,55,28,93,536,124,,14,47,263,1,Respiratory Infection
2024-04-06,Perambalur,18,32,68,586,130,,8,42,307,1,Respiratory Infection
2024-04-07,Perambalur,66,31,84,134,34,44.0,15,87,79,1,Cholera
2024-04-08,Perambalur,4,27,67,226,62,,7,78,116,0,Flu
2024-04-09,Perambalur,12,32,79,570,100,,9,43,270,1,Respiratory Infection
2024-04-10,Perambalur,83,29,83,468,100,,16,54,104,1,Dengue
2024-04-11,Perambalur,51,30,87,552,108,,13,45,263,1,Respiratory Infection
2024-04-12,Perambalur,76,30,84,314,76,,16,69,83,1,Cholera
2024-04-13,Perambalur,0,30,70,213,59,,7,79,55,0,Flu
2024-04-14,Perambalur,45,30,81,141,18,36.0,12,86,68,0,Flu
2024-04-15,Perambalur,8,27,75,144,15,,8,86,67,0,Flu
2024-04-16,Perambalur,73,31,86,458,60,,15,55,151,1,Respiratory Infection
2024-04-17,Perambalur,59,30,86,425,126,,14,58,171,1,Cholera
2024-04-18,Perambalur,128,31,69,411,84,,19,59,144,1,Cholera
2024-04-19,Perambalur,179,30,72,366,94,,25,64,141,1,Cholera
2024-04-20,Perambalur,59,30,64,416,70,,12,59,234,1,Cholera
2024-04-21,Perambalur,67,32,61,445,112,146.0,12,56,197,1,Cholera
2024-04-22,Perambalur,34,29,75,161,22,,10,84,71,0,Flu
2024-04-23,Perambalur,2,30,66,267,42,,6,74,131,0,Typhoid
2024-04-24,Perambalur,77,30,75,119,33,,15,89,47,1,Cholera
2024-04-25,Perambalur,80,30,78,147,29,,15,86,62,1,Cholera
2024-04-26,Perambalur,80,30,73,293,67,,15,71,109,1,Cholera
2024-04-27,Perambalur,67,28,78,446,104,,14,56,178,1,Cholera
2024-04-28,Perambalur,31,28,77,563,99,268.0,10,44,324,1,Respiratory Infection
2024-04-29,Perambalur,5,28,84,346,37,,8,66,179,0,Typhoid
2024-01-01,Pudukkottai,76,29,67,480,121,,14,52,139,1,Respiratory Infection
2024-01-02,Pudukkottai,107,32,92,288,58,,19,72,98,1,Dengue
2024-01-03,Pudukkottai,42,32,63,119,27,,10,89,69,0,Flu
2024-01-04,Pudukkottai,0,34,81,468,82,,8,54,147,1,Respiratory Infection
2024-01-05,Pudukkottai,2,32,80,548,64,,8,46,226,1,Respiratory Infection
2024-01-06,Pudukkottai,46,32,79,364,107,,12,64,170,0,Typhoid
2024-01-07,Pudukkottai,96,33,86,113,25,40.0,18,89,62,1,Dengue
2024-01-08,Pudukkottai,3,33,66,440,95,,6,56,137,0,Typhoid
2024-01-09,Pudukkottai,101,34,70,117,12,,17,89,61,1,Cholera
2024-01-10,Pudukkottai,96,31,84,279,44,,18,73,73,1,Dengue
2024-01-11,Pudukkottai,31,34,83,221,29,,11,78,99,0,Flu
2024-01-12,Pudukkottai,72,31,60,509,130,,13,50,165,1,Respiratory Infection
2024-01-13,Pudukkottai,0,33,64,348,100,,6,66,204,0,Typhoid
2024-01-14,Pudukkottai,0,32,60,547,121,201.0,6,46,228,1,Respiratory Infection
2024-01-15,Pudukkottai,0,32,65,386,42,,6,62,179,0,Typhoid
2024-01-16,Pudukkottai,123,31,71,416,86,,19,59,130,1,Cholera
2024-01-17,Pudukkottai,97,33,94,504,69,,19,50,188,1,Dengue
2024-01-18,Pudukkottai,34,34,75,526,70,,10,48,187,1,Respiratory Infection
2024-01-19,Pudukkottai,81,32,78,248,42,,15,76,59,1,Cholera
2024-01-20,Pudukkottai,41,33,85,252,36,,12,75,91,0,Typhoid
2024-01-21,Pudukkottai,54,33,84,598,60,193.0,13,41,331,1,Respiratory Infection
2024-01-22,Pudukkottai,87,33,73,537,97,,16,47,301,1,Respiratory Infection
2024-01-23,Pudukkottai,52,31,79,292,38,,13,71,105,1,Cholera
2024-01-24,Pudukkottai,91,34,92,243,72,,18,76,142,1,Dengue
2024-01-25,Pudukkottai,61,32,61,402,100,,12,60,209,1,Cholera
2024-01-26,Pudukkottai,48,31,92,101,24,,14,90,42,0,Flu
2024-01-27,Pudukkottai,69,31,75,121,15,,14,88,40,1,Cholera
2024-01-28,Pudukkottai,33,32,73,431,96,134.0,10,57,153,0,Typhoid
2024-01-29,Pudukkottai,0,30,71,341,71,,7,66,167,0,Typhoid
2024-01-30,Pudukkottai,87,29,67,324,40,,15,68,65,1,Cholera
2024-01-31,Pudukkottai,78,31,60,123,26,,13,88,62,1,Cholera
2024-02-01,Pudukkottai,122,33,80,380,104,,20,62,100,1,Cholera
2024-02-02,Pudukkottai,59,33,76,152,43,,13,85,89,1,Cholera
2024-02-03,Pudukkottai,50,31,86,239,30,,13,77,112,0,Flu
2024-02-04,Pudukkottai,41,31,79,225,42,,12,78,89,0,Flu
2024-02-05,Pudukkottai,65,31,74,487,98,,13,52,157,1,Respiratory Infection
2024-02-06,Pudukkottai,72,33,73,172,20,,14,83,49,1,Cholera
2024-02-07,Pudukkottai,0,29,70,525,57,182.0,7,48,118,1,Respiratory Infection
2024-02-08,Pudukkottai,22,33,84,479,78,,10,53,251,1,Respiratory Infection
2024-02-09,Pudukkottai,48,34,76,217,41,,12,79,129,0,Flu
2024-02-10,Pudukkottai,12,31,60,105,14,,7,90,40,0,Flu
2024-02-11,Pudukkottai,72,29,64,333,74,,13,67,102,1,Cholera
2024-02-12,Pudukkottai,66,34,76,349,60,,14,66,75,1,Cholera
2024-02-13,Pudukkottai,107,34,89,176,41,,19,83,75,1,Dengue
2024-02-14,Pudukkottai,73,30,60,263,69,52.0,13,74,137,1,Cholera
2024-02-15,Pudukkottai,10,34,82,447,112,,9,56,235,0,Typhoid
2024-02-16,Pudukkottai,44,30,89,302,87,,13,70,146,0,Typhoid
2024-02-17,Pudukkottai,54,29,63,580,126,,11,42,162,1,Respiratory Infection
2024-02-18,Pudukkottai,60,31,62,394,113,,12,61,150,1,Cholera
2024-02-19,Pudukkottai,94,33,68,528,143,,16,48,145,1,Respiratory Infection
2024-02-20,Pudukkottai,40,31,63,531,90,,10,47,205,1,Respiratory Infection
2024-02-21,Pudukkottai,33,31,81,598,140,175.0,11,41,168,1,Respiratory Infection
2024-02-22,Pudukkottai,15,31,82,584,129,,9,42,194,1,Respiratory Infection
2024-02-23,Pudukkottai,98,32,70,106,21,,16,90,22,1,Cholera
2024-02-24,Pudukkottai,53,29,70,138,35,,12,87,63,1,Cholera
2024-02-25,Pudukkottai,74,30,71,345,49,,14,66,176,1,Cholera
2024-02-26,Pudukkottai,67,33,75,588,63,,14,42,263,1,Respiratory Infection
2024-02-27,Pudukkottai,0,30,79,380,80,,7,62,203,0,Typhoid
2024-02-28,Pudukkottai,62,29,78,407,50,135.0,14,60,119,1,Cholera
2024-02-29,Pudukkottai,68,33,90,492,50,,15,51,205,1,Respiratory Infection
2024-03-01,Pudukkottai,0,30,80,356,38,,8,65,116,0,Typhoid
2024-03-02,Pudukkottai,45,30,76,560,117,,12,44,307,1,Respiratory Infection
2024-03-03,Pudukkottai,139,33,91,255,70,,23,75,86,1,Dengue
2024-03-04,Pudukkottai,30,34,87,518,128,,11,49,219,1,Respiratory Infection
2024-03-05,Pudukkottai,90,33,87,565,95,,17,44,238,1,Dengue
2024-03-06,Pudukkottai,59,33,78,338,39,,13,67,110,1,Cholera
2024-03-07,Pudukkottai,88,31,88,389,102,189.0,17,62,225,1,Dengue
2024-03-08,Pudukkottai,17,33,73,574,125,,9,43,280,1,Respiratory Infection
2024-03-09,Pudukkottai,86,30,64,286,49,,15,72,68,1,Cholera
2024-03-10,Pudukkottai,20,31,70,311,65,,9,69,135,0,Typhoid
2024-03-11,Pudukkottai,135,33,77,295,40,,21,71,70,1,Cholera
2024-03-12,Pudukkottai,67,31,73,119,20,,14,89,47,1,Cholera
2024-03-13,Pudukkottai,167,29,72,233,37,,23,77,81,1,Cholera
2024-03-14,Pudukkottai,46,33,74,204,48,97.0,12,80,85,0,Flu
2024-03-15,Pudukkottai,54,29,70,427,93,,12,58,167,1,Cholera
2024-03-16,Pudukkottai,82,33,66,568,155,,14,44,154,1,Respiratory Infection
2024-03-17,Pudukkottai,96,33,86,157,15,,18,85,92,1,Dengue
2024-03-18,Pudukkottai,41,29,69,274,73,,11,73,152,0,Typhoid
2024-03-19,Pudukkottai,45,34,67,279,68,,11,73,93,0,Typhoid
2024-03-20,Pudukkottai,80,33,91,565,153,,17,44,336,1,Respiratory Infection
2024-03-21,Pudukkottai,47,34,70,311,72,144.0,11,69,141,0,Typhoid
2024-03-22,Pudukkottai,62,31,80,444,60,,14,56,253,1,Cholera
2024-03-23,Pudukkottai,62,34,75,374,65,,13,63,155,1,Cholera
2024-03-24,Pudukkottai,36,33,62,293,36,,9,71,118,0,Typhoid
2024-03-25,Pudukkottai,26,29,79,128,21,,10,88,62,0,Flu
2024-03-26,Pudukkottai,0,29,80,165,24,,8,84,91,0,Flu
2024-03-27,Pudukkottai,55,34,63,287,32,,11,72,89,1,Cholera
2024-03-28,Pudukkottai,86,34,94,233,52,52.0,18,77,52,1,Dengue
2024-03-29,Pudukkottai,83,31,93,130,15,,17,87,76,1,Dengue
2024-03-30,Pudukkottai,81,31,77,395,40,,15,61,231,1,Cholera
2024-03-31,Pudukkottai,41,34,79,178,51,,12,83,58,0,Flu
2024-04-01,Pudukkottai,100,33,68,256,44,,16,75,121,1,Cholera
2024-04-02,Pudukkottai,70,34,82,341,37,,15,66,96,1,Cholera
2024-04-03,Pudukkottai,91,34,82,417,99,,17,59,127,1,Dengue
2024-04-04,Pudukkottai,63,32,91,532,157,,15,47,279,1,Respiratory Infection
2024-04-05,Pudukkottai,0,29,64,372,42,,6,63,93,0,Typhoid
2024-04-06,Pudukkottai,64,32,62,468,133,,12,54,181,1,Respiratory Infection
2024-04-07,Pudukkottai,75,29,74,485,55,159.0,14,52,156,1,Respiratory Infection
2024-04-08,Pudukkottai,67,33,80,581,143,,14,42,230,1,Respiratory Infection
2024-04-09,Pudukkottai,33,33,70,104,24,,10,90,52,0,Flu
2024-04-10,Pudukkottai,13,33,61,170,34,,7,83,86,0,Flu
2024-04-11,Pudukkottai,36,34,92,258,49,,12,75,128,0,Typhoid
2024-04-12,Pudukkottai,58,30,78,548,66,,13,46,121,1,Respiratory Infection
2024-04-13,Pudukkottai,34,32,91,188,47,,12,82,91,0,Flu
2024-04-14,Pudukkottai,90,31,65,484,142,113.0,15,52,232,1,Respiratory Infection
2024-04-15,Pudukkottai,183,30,77,196,23,,26,81,64,1,Cholera
2024-04-16,Pudukkottai,41,32,62,103,14,,10,90,39,0,Flu
2024-04-17,Pudukkottai,104,29,60,135,15,,16,87,45,1,Cholera
2024-04-18,Pudukkottai,91,30,70,168,39,,16,84,61,1,Cholera
2024-04-19,Pudukkottai,41,32,63,270,54,,10,73,115,0,Typhoid
2024-04-20,Pudukkottai,114,32,90,215,44,,20,79,52,1,Dengue
2024-04-21,Pudukkottai,89,33,76,273,27,133.0,16,73,78,1,Cholera
2024-04-22,Pudukkottai,112,30,73,142,37,,18,86,71,1,Cholera
2024-04-23,Pudukkottai,30,34,87,387,59,,11,62,80,0,Typhoid
2024-04-24,Pudukkottai,84,31,74,303,77,,15,70,154,1,Cholera
2024-04-25,Pudukkottai,93,31,66,558,111,,15,45,317,1,Respiratory Infection
2024-04-26,Pudukkottai,60,32,77,421,125,,13,58,216,1,Cholera
2024-04-27,Pudukkottai,0,31,75,444,126,,7,56,174,0,Typhoid
2024-04-28,Pudukkottai,53,30,73,488,122,162.0,12,52,211,1,Respiratory Infection
2024-04-29,Pudukkottai,96,29,77,586,66,,17,42,350,1,Respiratory Infection
2024-01-01,Ramanathapuram,81,29,72,449,65,,15,56,249,1,Cholera
2024-01-02,Ramanathapuram,0,31,67,371,66,,6,63,94,0,Typhoid
2024-01-03,Ramanathapuram,130,31,89,252,44,,21,75,118,1,Dengue
2024-01-04,Ramanathapuram,89,31,89,373,90,,17,63,202,1,Dengue
2024-01-05,Ramanathapuram,71,31,82,368,44,,15,64,91,1,Cholera
2024-01-06,Ramanathapuram,0,26,90,256,56,,9,75,127,0,Typhoid
2024-01-07,Ramanathapuram,32,29,72,433,118,148.0,10,57,134,0,Typhoid
2024-01-08,Ramanathapuram,103,27,70,382,81,,17,62,140,1,Cholera
2024-01-09,Ramanathapuram,92,28,80,306,37,,17,70,144,1,Cholera
2024-01-10,Ramanathapuram,58,29,85,529,109,,14,48,298,1,Respiratory Infection
2024-01-11,Ramanathapuram,0,30,62,492,96,,6,51,291,1,Respiratory Infection
2024-01-12,Ramanathapuram,0,31,91,504,85,,9,50,195,1,Respiratory Infection
2024-01-13,Ramanathapuram,51,28,86,115,16,,13,89,37,1,Cholera
2024-01-14,Ramanathapuram,121,31,61,260,42,97.0,18,74,109,1,Cholera
2024-01-15,Ramanathapuram,0,31,74,179,37,,7,83,69,0,Flu
2024-01-16,Ramanathapuram,86,31,76,140,26,,16,86,42,1,Cholera
2024-01-17,Ramanathapuram,103,28,83,136,23,,18,87,73,1,Dengue
2024-01-18,Ramanathapuram,0,27,62,398,112,,6,61,199,0,Typhoid
2024-01-19,Ramanathapuram,2,27,60,464,89,,6,54,263,1,Respiratory Infection
2024-01-20,Ramanathapuram,69,27,63,207,37,,13,80,84,1,Cholera
2024-01-21,Ramanathapuram,102,28,60,121,26,32.0,16,88,49,1,Cholera
2024-01-22,Ramanathapuram,67,28,90,412,65,,15,59,113,1,Cholera
2024-01-23,Ramanathapuram,38,30,89,201,59,,12,80,113,0,Flu
2024-01-24,Ramanathapuram,73,30,60,257,39,,13,75,85,1,Cholera
2024-01-25,Ramanathapuram,0,29,84,412,43,,8,59,211,0,Typhoid
2024-01-26,Ramanathapuram,120,30,82,280,47,,20,72,129,1,Dengue
2024-01-27,Ramanathapuram,0,27,80,498,102,,8,51,292,1,Respiratory Infection
2024-01-28,Ramanathapuram,111,30,91,339,35,100.0,20,67,87,1,Dengue
2024-01-29,Ramanathapuram,0,29,61,548,59,,6,46,231,1,Respiratory Infection
2024-01-30,Ramanathapuram,37,28,62,471,76,,9,53,124,1,Respiratory Infection
2024-01-31,Ramanathapuram,38,27,85,486,125,,12,52,140,1,Respiratory Infection
2024-02-01,Ramanathapuram,102,29,74,568,135,,17,44,246,1,Respiratory Infection
2024-02-02,Ramanathapuram,0,31,65,344,95,,6,66,182,0,Typhoid
2024-02-03,Ramanathapuram,38,27,80,151,31,,11,85,67,0,Flu
2024-02-04,Ramanathapuram,111,28,90,116,30,,20,89,27,1,Dengue
2024-02-05,Ramanathapuram,15,29,89,466,55,,10,54,178,1,Respiratory Infection
2024-02-06,Ramanathapuram,0,28,66,282,31,,6,72,57,0,Typhoid
2024-02-07,Ramanathapuram,94,31,66,218,52,104.0,16,79,61,1,Cholera
2024-02-08,Ramanathapuram,28,30,61,305,38,,8,70,180,0,Typhoid
2024-02-09,Ramanathapuram,78,29,67,415,87,,14,59,209,1,Cholera
2024-02-10,Ramanathapuram,57,29,63,443,102,,12,56,163,1,Cholera
2024-02-11,Ramanathapuram,54,27,82,173,45,,13,83,61,1,Cholera
2024-02-12,Ramanathapuram,74,30,77,323,95,,15,68,81,1,Cholera
2024-02-13,Ramanathapuram,41,30,69,552,151,,11,45,188,1,Respiratory Infection
2024-02-14,Ramanathapuram,51,26,75,116,28,46.0,12,89,50,1,Cholera
2024-02-15,Ramanathapuram,59,31,91,448,73,,15,56,145,1,Cholera
2024-02-16,Ramanathapuram,41,27,91,165,25,,13,84,69,0,Flu
2024-02-17,Ramanathapuram,63,30,90,181,22,,15,82,70,1,Cholera
2024-02-18,Ramanathapuram,61,30,73,308,64,,13,70,181,1,Cholera
2024-02-19,Ramanathapuram,88,26,68,178,28,,15,83,64,1,Cholera
2024-02-20,Ramanathapuram,115,26,64,240,41,,17,76,85,1,Cholera
2024-02-21,Ramanathapuram,26,31,82,203,30,42.0,10,80,91,0,Flu
2024-02-22,Ramanathapuram,49,27,92,531,109,,14,47,212,1,Respiratory Infection
2024-02-23,Ramanathapuram,54,29,70,416,124,,12,59,171,1,Cholera
2024-02-24,Ramanathapuram,116,31,89,289,63,,20,72,149,1,Dengue
2024-02-25,Ramanathapuram,48,26,87,498,57,,13,51,106,1,Respiratory Infection
2024-02-26,Ramanathapuram,46,28,93,169,35,,13,84,94,0,Flu
2024-02-27,Ramanathapuram,18,27,62,537,149,,8,47,149,1,Respiratory Infection
2024-02-28,Ramanathapuram,51,27,83,435,57,129.0,13,57,163,1,Cholera
2024-02-29,Ramanathapuram,0,31,69,397,93,,6,61,224,0,Typhoid
2024-03-01,Ramanathapuram,27,30,62,476,68,,8,53,258,1,Respiratory Infection
2024-03-02,Ramanathapuram,23,26,72,407,64,,9,60,102,0,Typhoid
2024-03-03,Ramanathapuram,79,30,88,143,23,,16,86,63,1,Cholera
2024-03-04,Ramanathapuram,55,30,82,447,115,,13,56,207,1,Cholera
2024-03-05,Ramanathapuram,0,28,76,209,58,,7,80,56,0,Flu
2024-03-06,Ramanathapuram,82,28,66,273,69,,14,73,89,1,Cholera
2024-03-07,Ramanathapuram,54,26,71,293,73,97.0,12,71,78,1,Cholera
2024-03-08,Ramanathapuram,17,26,70,234,24,,8,77,110,0,Flu
2024-03-09,Ramanathapuram,43,26,78,144,17,,12,86,36,0,Flu
2024-03-10,Ramanathapuram,74,31,88,107,22,,16,90,39,1,Cholera
2024-03-11,Ramanathapuram,35,31,69,303,31,,10,70,120,0,Typhoid
2024-03-12,Ramanathapuram,16,26,64,502,82,,8,50,243,1,Respiratory Infection
2024-03-13,Ramanathapuram,118,28,92,132,24,,21,87,34,1,Dengue
2024-03-14,Ramanathapuram,131,31,92,173,48,76.0,22,83,81,1,Dengue
2024-03-15,Ramanathapuram,53,26,83,528,156,,13,48,194,1,Respiratory Infection
2024-03-16,Ramanathapuram,37,30,85,496,135,,12,51,267,1,Respiratory Infection
2024-03-17,Ramanathapuram,110,29,71,421,104,,18,58,131,1,Cholera
2024-03-18,Ramanathapuram,113,31,65,427,126,,17,58,192,1,Cholera
2024-03-19,Ramanathapuram,44,29,69,262,71,,11,74,140,0,Typhoid
2024-03-20,Ramanathapuram,74,28,69,352,104,,14,65,194,1,Cholera
2024-03-21,Ramanathapuram,57,29,71,567,61,255.0,12,44,258,1,Respiratory Infection
2024-03-22,Ramanathapuram,54,28,74,585,147,,12,42,311,1,Respiratory Infection
2024-03-23,Ramanathapuram,117,30,94,125,22,,21,88,55,1,Dengue
2024-03-24,Ramanathapuram,69,30,87,157,23,,15,85,71,1,Cholera
2024-03-25,Ramanathapuram,86,30,60,174,34,,14,83,82,1,Cholera
2024-03-26,Ramanathapuram,91,31,65,443,102,,15,56,142,1,Cholera
2024-03-27,Ramanathapuram,95,26,90,596,170,,18,41,134,1,Dengue
2024-03-28,Ramanathapuram,15,27,76,200,27,63.0,9,80,72,0,Flu
2024-03-29,Ramanathapuram,0,30,61,592,167,,6,41,259,1,Respiratory Infection
2024-03-30,Ramanathapuram,73,27,73,478,58,,14,53,106,1,Respiratory Infection
2024-03-31,Ramanathapuram,81,31,91,164,45,,17,84,73,1,Dengue
2024-04-01,Ramanathapuram,77,26,63,321,77,,14,68,186,1,Cholera
2024-04-02,Ramanathapuram,108,29,61,450,45,,16,55,228,1,Cholera
2024-04-03,Ramanathapuram,67,26,72,372,81,,13,63,141,1,Cholera
2024-04-04,Ramanathapuram,71,28,62,114,19,,13,89,59,1,Cholera
2024-04-05,Ramanathapuram,58,27,61,475,51,,11,53,213,1,Respiratory Infection
2024-04-06,Ramanathapuram,47,29,74,401,97,,12,60,187,0,Typhoid
2024-04-07,Ramanathapuram,0,31,89,443,76,179.0,8,56,190,0,Typhoid
2024-04-08,Ramanathapuram,139,27,90,399,98,,22,61,113,1,Dengue
2024-04-09,Ramanathapuram,0,26,87,445,132,,8,56,126,0,Typhoid
2024-04-10,Ramanathapuram,101,28,80,121,24,,18,88,45,1,Cholera
2024-04-11,Ramanathapuram,25,28,90,312,49,,11,69,142,0,Typhoid
2024-04-12,Ramanathapuram,170,26,60,334,88,,23,67,136,1,Cholera
2024-04-13,Ramanathapuram,94,30,60,516,107,,15,49,216,1,Respiratory Infection
2024-04-14,Ramanathapuram,93,29,61,439,110,157.0,15,57,201,1,Cholera
2024-04-15,Ramanathapuram,60,27,93,381,52,,15,62,104,1,Cholera
2024-04-16,Ramanathapuram,86,26,94,151,41,,18,85,53,1,Dengue
2024-04-17,Ramanathapuram,103,29,63,164,19,,16,84,72,1,Cholera
2024-04-18,Ramanathapuram,72,27,67,557,93,,13,45,247,1,Respiratory Infection
2024-04-19,Ramanathapuram,53,30,81,277,33,,13,73,111,1,Cholera
2024-04-20,Ramanathapuram,62,30,84,441,84,,14,56,205,1,Cholera
2024-04-21,Ramanathapuram,122,31,90,444,79,150.0,21,56,148,1,Dengue
2024-04-22,Ramanathapuram,84,28,63,505,97,,14,50,286,1,Respiratory Infection
2024-04-23,Ramanathapuram,84,29,72,110,22,,15,89,33,1,Cholera
2024-04-24,Ramanathapuram,75,30,77,375,56,,15,63,151,1,Cholera
2024-04-25,Ramanathapuram,69,26,71,456,82,,14,55,181,1,Respiratory Infection
2024-04-26,Ramanathapuram,5,27,75,412,60,,8,59,160,0,Typhoid
2024-04-27,Ramanathapuram,92,29,82,316,43,,17,69,186,1,Dengue
2024-04-28,Ramanathapuram,82,26,67,473,128,189.0,14,53,158,1,Respiratory Infection
2024-04-29,Ramanathapuram,72,30,63,403,48,,13,60,226,1,Cholera
2024-01-01,Tenkasi,15,28,89,267,70,,10,74,62,0,Typhoid
2024-01-02,Tenkasi,49,28,89,327,52,,13,68,140,0,Typhoid
2024-01-03,Tenkasi,35,30,83,228,61,,11,78,132,0,Flu
2024-01-04,Tenkasi,67,29,63,219,36,,13,79,99,1,Cholera
2024-01-05,Tenkasi,34,30,65,411,42,,9,59,218,0,Typhoid
2024-01-06,Tenkasi,94,26,87,102,27,,18,90,53,1,Dengue
2024-01-07,Tenkasi,16,31,69,354,45,168.0,8,65,86,0,Typhoid
2024-01-08,Tenkasi,87,28,74,391,43,,16,61,224,1,Cholera
2024-01-09,Tenkasi,135,26,77,577,134,,21,43,172,1,Respiratory Infection
2024-01-10,Tenkasi,30,28,91,293,77,,12,71,156,0,Typhoid
2024-01-11,Tenkasi,102,30,81,304,71,,18,70,72,1,Dengue
2024-01-12,Tenkasi,52,27,80,120,33,,13,88,49,1,Cholera
2024-01-13,Tenkasi,24,26,62,221,39,,8,78,120,0,Flu
2024-01-14,Tenkasi,147,26,65,450,73,144.0,21,55,230,1,Cholera
2024-01-15,Tenkasi,12,30,91,352,102,,10,65,83,0,Typhoid
2024-01-16,Tenkasi,72,31,72,311,88,,14,69,146,1,Cholera
2024-01-17,Tenkasi,53,27,66,261,31,,11,74,64,1,Cholera
2024-01-18,Tenkasi,109,28,84,273,30,,19,73,83,1,Dengue
2024-01-19,Tenkasi,38,30,62,599,124,,10,41,286,1,Respiratory Infection
2024-01-20,Tenkasi,62,29,74,193,55,,13,81,105,1,Cholera
2024-01-21,Tenkasi,42,27,69,423,110,156.0,11,58,217,0,Typhoid
2024-01-22,Tenkasi,34,31,85,317,51,,11,69,114,0,Typhoid
2024-01-23,Tenkasi,27,30,72,115,16,,9,89,28,0,Flu
2024-01-24,Tenkasi,91,29,83,120,31,,17,88,60,1,Dengue
2024-01-25,Tenkasi,54,30,80,330,91,,13,67,186,1,Cholera
2024-01-26,Tenkasi,46,28,71,328,90,,11,68,87,0,Typhoid
2024-01-27,Tenkasi,53,28,67,122,30,,12,88,48,1,Cholera
2024-01-28,Tenkasi,61,30,67,444,63,171.0,12,56,188,1,Cholera
2024-01-29,Tenkasi,47,30,77,228,25,,12,78,52,0,Flu
2024-01-30,Tenkasi,77,27,88,528,93,,16,48,219,1,Respiratory Infection
2024-01-31,Tenkasi,132,29,81,208,41,,21,80,120,1,Dengue
2024-02-01,Tenkasi,12,26,89,414,98,,10,59,184,0,Typhoid
2024-02-02,Tenkasi,33,28,80,408,96,,11,60,145,0,Typhoid
2024-02-03,Tenkasi,9,28,87,233,47,,9,77,102,0,Flu
2024-02-04,Tenkasi,34,29,62,453,80,,9,55,197,1,Respiratory Infection
2024-02-05,Tenkasi,66,26,82,212,23,,14,79,58,1,Cholera
2024-02-06,Tenkasi,8,27,93,218,27,,10,79,106,0,Flu
2024-02-07,Tenkasi,109,30,93,431,70,116.0,20,57,257,1,Dengue
2024-02-08,Tenkasi,61,28,85,380,46,,14,62,114,1,Cholera
2024-02-09,Tenkasi,35,29,63,157,19,,9,85,47,0,Flu
2024-02-10,Tenkasi,81,28,62,284,29,,14,72,155,1,Cholera
2024-02-11,Tenkasi,6,30,85,453,57,,9,55,198,1,Respiratory Infection
2024-02-12,Tenkasi,62,28,71,577,86,,13,43,342,1,Respiratory Infection
2024-02-13,Tenkasi,99,31,91,165,36,,19,84,57,1,Dengue
2024-02-14,Tenkasi,27,28,86,345,88,97.0,11,66,80,0,Typhoid
2024-02-15,Tenkasi,30,29,91,353,79,,12,65,129,0,Typhoid
2024-02-16,Tenkasi,89,29,63,200,34,,15,80,74,1,Cholera
2024-02-17,Tenkasi,113,31,93,234,33,,20,77,98,1,Dengue
2024-02-18,Tenkasi,60,31,90,530,70,,15,47,257,1,Respiratory Infection
2024-02-19,Tenkasi,0,26,79,240,47,,7,76,93,0,Flu
2024-02-20,Tenkasi,91,26,90,588,127,,18,42,270,1,Dengue
2024-02-21,Tenkasi,99,31,80,324,93,73.0,17,68,137,1,Cholera
2024-02-22,Tenkasi,58,30,66,208,41,,12,80,103,1,Cholera
2024-02-23,Tenkasi,66,27,91,288,75,,15,72,160,1,Cholera
2024-02-24,Tenkasi,67,26,79,225,47,,14,78,72,1,Cholera
2024-02-25,Tenkasi,46,28,88,474,100,,13,53,182,1,Respiratory Infection
2024-02-26,Tenkasi,73,29,66,191,26,,13,81,70,1,Cholera
2024-02-27,Tenkasi,133,31,75,113,32,,20,89,37,1,Cholera
2024-02-28,Tenkasi,143,29,69,425,110,203.0,21,58,245,1,Cholera
2024-02-29,Tenkasi,39,27,93,457,73,,13,55,237,1,Respiratory Infection
2024-03-01,Tenkasi,65,30,75,343,89,,14,66,126,1,Cholera
2024-03-02,Tenkasi,137,28,65,567,64,,20,44,318,1,Respiratory Infection
2024-03-03,Tenkasi,30,30,75,163,38,,10,84,39,0,Flu
2024-03-04,Tenkasi,25,27,62,476,74,,8,53,249,1,Respiratory Infection
2024-03-05,Tenkasi,54,26,66,107,14,,12,90,35,1,Cholera
2024-03-06,Tenkasi,51,27,71,448,53,,12,56,239,1,Cholera
2024-03-07,Tenkasi,81,28,64,217,35,91.0,14,79,66,1,Cholera
2024-03-08,Tenkasi,54,31,84,296,69,,13,71,131,1,Cholera
2024-03-09,Tenkasi,105,29,76,160,38,,18,84,65,1,Cholera
2024-03-10,Tenkasi,1,31,64,577,125,,6,43,196,1,Respiratory Infection
2024-03-11,Tenkasi,43,29,79,296,51,,12,71,131,0,Typhoid
2024-03-12,Tenkasi,113,28,81,436,129,,19,57,234,1,Dengue
2024-03-13,Tenkasi,115,28,74,335,65,,18,67,84,1,Cholera
2024-03-14,Tenkasi,66,30,88,113,31,51.0,15,89,49,1,Cholera
2024-03-15,Tenkasi,0,28,90,353,51,,9,65,145,0,Typhoid
2024-03-16,Tenkasi,72,27,79,464,121,,15,54,195,1,Respiratory Infection
2024-03-17,Tenkasi,85,29,66,322,49,,15,68,79,1,Cholera
2024-03-18,Tenkasi,128,27,85,480,80,,21,52,233,1,Dengue
2024-03-19,Tenkasi,0,28,80,207,43,,8,80,77,0,Flu
2024-03-20,Tenkasi,22,27,83,213,27,,10,79,78,0,Flu
2024-03-21,Tenkasi,19,31,69,251,51,73.0,8,75,118,0,Typhoid
2024-03-22,Tenkasi,12,27,72,140,36,,8,86,52,0,Flu
2024-03-23,Tenkasi,16,29,66,509,99,,8,50,270,1,Respiratory Infection
2024-03-24,Tenkasi,15,30,70,566,99,,8,44,283,1,Respiratory Infection
2024-03-25,Tenkasi,60,26,61,342,71,,12,66,192,1,Cholera
2024-03-26,Tenkasi,42,31,91,559,154,,13,45,120,1,Respiratory Infection
2024-03-27,Tenkasi,0,30,71,330,63,,7,67,99,0,Typhoid
2024-03-28,Tenkasi,95,28,80,283,80,82.0,17,72,80,1,Cholera
2024-03-29,Tenkasi,38,27,94,586,93,,13,42,238,1,Respiratory Infection
2024-03-30,Tenkasi,40,30,66,559,79,,10,45,142,1,Respiratory Infection
2024-03-31,Tenkasi,113,29,60,425,45,,17,58,160,1,Cholera
2024-04-01,Tenkasi,47,31,77,476,59,,12,53,189,1,Respiratory Infection
2024-04-02,Tenkasi,107,29,89,590,119,,19,41,348,1,Dengue
2024-04-03,Tenkasi,136,27,65,102,11,,20,90,29,1,Cholera
2024-04-04,Tenkasi,67,31,75,218,23,,14,79,63,1,Cholera
2024-04-05,Tenkasi,43,30,83,345,77,,12,66,96,0,Typhoid
2024-04-06,Tenkasi,107,29,73,452,112,,18,55,262,1,Respiratory Infection
2024-04-07,Tenkasi,25,27,78,483,120,183.0,10,52,170,1,Respiratory Infection
2024-04-08,Tenkasi,8,29,92,555,64,,10,45,141,1,Respiratory Infection
2024-04-09,Tenkasi,0,26,72,193,37,,7,81,92,0,Flu
2024-04-10,Tenkasi,0,27,71,475,82,,7,53,207,1,Respiratory Infection
2024-04-11,Tenkasi,35,26,62,100,27,,9,90,27,0,Flu
2024-04-12,Tenkasi,111,26,90,155,42,,20,85,34,1,Dengue
2024-04-13,Tenkasi,88,31,89,593,61,,17,41,331,1,Dengue
2024-04-14,Tenkasi,43,31,79,545,107,248.0,12,46,140,1,Respiratory Infection
2024-04-15,Tenkasi,20,30,70,328,95,,9,68,114,0,Typhoid
2024-04-16,Tenkasi,51,30,70,115,28,,12,89,45,1,Cholera
2024-04-17,Tenkasi,33,28,92,337,98,,12,67,107,0,Typhoid
2024-04-18,Tenkasi,0,29,86,468,78,,8,54,157,1,Respiratory Infection
2024-04-19,Tenkasi,117,29,64,426,106,,18,58,161,1,Cholera
2024-04-20,Tenkasi,32,30,85,357,69,,11,65,141,0,Typhoid
2024-04-21,Tenkasi,82,28,80,346,92,139.0,16,66,144,1,Cholera
2024-04-22,Tenkasi,20,29,90,325,55,,11,68,98,0,Typhoid
2024-04-23,Tenkasi,33,28,79,270,75,,11,73,144,0,Typhoid
2024-04-24,Tenkasi,53,26,73,322,42,,12,68,110,1,Cholera
2024-04-25,Tenkasi,142,30,72,121,26,,21,88,55,1,Cholera
2024-04-26,Tenkasi,3,31,87,501,113,,9,50,244,1,Respiratory Infection
2024-04-27,Tenkasi,22,29,81,261,39,,10,74,146,0,Typhoid
2024-04-28,Tenkasi,31,29,71,461,114,124.0,10,54,151,1,Respiratory Infection
2024-04-29,Tenkasi,68,27,70,532,79,,13,47,286,1,Respiratory Infection
2024-01-01,Nilgiris,25,31,80,352,58,,10,65,138,0,Typhoid
2024-01-02,Nilgiris,0,26,89,426,119,,8,58,99,0,Typhoid
2024-01-03,Nilgiris,57,28,72,268,56,,12,74,155,1,Cholera
2024-01-04,Nilgiris,61,29,91,532,134,,15,47,115,1,Respiratory Infection
2024-01-05,Nilgiris,32,27,80,385,98,,11,62,156,0,Typhoid
2024-01-06,Nilgiris,66,30,64,445,95,,13,56,258,1,Cholera
2024-01-07,Nilgiris,38,30,65,541,54,111.0,10,46,217,1,Respiratory Infection
2024-01-08,Nilgiris,83,29,61,123,13,,14,88,33,1,Cholera
2024-01-09,Nilgiris,122,26,83,108,23,,20,90,27,1,Dengue
2024-01-10,Nilgiris,106,30,88,200,59,,19,80,103,1,Dengue
2024-01-11,Nilgiris,12,30,89,464,132,,10,54,193,1,Respiratory Infection
2024-01-12,Nilgiris,0,30,75,163,31,,7,84,68,0,Flu
2024-01-13,Nilgiris,62,29,63,384,56,,12,62,220,1,Cholera
2024-01-14,Nilgiris,37,27,79,583,75,252.0,11,42,304,1,Respiratory Infection
2024-01-15,Nilgiris,83,30,76,328,56,,15,68,169,1,Cholera
2024-01-16,Nilgiris,24,29,68,372,102,,9,63,121,0,Typhoid
2024-01-17,Nilgiris,104,28,85,568,112,,18,44,177,1,Dengue
2024-01-18,Nilgiris,73,26,75,475,139,,14,53,221,1,Respiratory Infection
2024-01-19,Nilgiris,0,31,78,568,88,,7,44,131,1,Respiratory Infection
2024-01-20,Nilgiris,22,26,64,357,78,,8,65,98,0,Typhoid
2024-01-21,Nilgiris,79,31,60,434,96,125.0,13,57,135,1,Cholera
2024-01-22,Nilgiris,61,26,84,570,104,,14,43,243,1,Respiratory Infection
2024-01-23,Nilgiris,9,30,65,248,36,,7,76,123,0,Flu
2024-01-24,Nilgiris,78,27,68,259,29,,14,75,58,1,Cholera
2024-01-25,Nilgiris,48,31,84,448,103,,13,56,178,0,Typhoid
2024-01-26,Nilgiris,74,29,73,321,48,,14,68,190,1,Cholera
2024-01-27,Nilgiris,128,28,61,218,30,,18,79,113,1,Cholera
2024-01-28,Nilgiris,83,31,84,233,65,101.0,16,77,101,1,Dengue
2024-01-29,Nilgiris,108,26,80,389,111,,18,62,166,1,Cholera
2024-01-30,Nilgiris,67,31,68,404,62,,13,60,81,1,Cholera
2024-01-31,Nilgiris,31,27,66,211,47,,9,79,51,0,Flu
2024-02-01,Nilgiris,121,26,67,361,67,,18,64,107,1,Cholera
2024-02-02,Nilgiris,84,30,75,353,53,,15,65,81,1,Cholera
2024-02-03,Nilgiris,52,29,83,343,79,,13,66,202,1,Cholera
2024-02-04,Nilgiris,89,28,64,204,26,,15,80,98,1,Cholera
2024-02-05,Nilgiris,30,26,63,579,104,,9,43,193,1,Respiratory Infection
2024-02-06,Nilgiris,109,29,60,494,112,,16,51,245,1,Respiratory Infection
2024-02-07,Nilgiris,71,26,85,546,124,168.0,15,46,284,1,Respiratory Infection
2024-02-08,Nilgiris,103,29,85,305,37,,18,70,111,1,Dengue
2024-02-09,Nilgiris,68,26,66,544,159,,13,46,181,1,Respiratory Infection
2024-02-10,Nilgiris,26,28,64,368,101,,9,64,125,0,Typhoid
2024-02-11,Nilgiris,25,26,67,292,65,,9,71,91,0,Typhoid
2024-02-12,Nilgiris,62,29,91,567,149,,15,44,324,1,Respiratory Infection
2024-02-13,Nilgiris,136,30,87,223,42,,22,78,106,1,Dengue
2024-02-14,Nilgiris,109,28,81,482,74,206.0,19,52,201,1,Dengue
2024-02-15,Nilgiris,39,28,73,399,81,,11,61,185,0,Typhoid
2024-02-16,Nilgiris,96,29,94,489,126,,19,52,178,1,Dengue
2024-02-17,Nilgiris,45,29,60,104,17,,10,90,57,0,Flu
2024-02-18,Nilgiris,27,26,79,285,62,,10,72,137,0,Typhoid
2024-02-19,Nilgiris,87,29,79,471,132,,16,53,244,1,Respiratory Infection
2024-02-20,Nilgiris,103,28,94,567,59,,19,44,258,1,Dengue
2024-02-21,Nilgiris,37,30,86,246,51,82.0,12,76,74,0,Flu
2024-02-22,Nilgiris,0,27,61,590,76,,6,41,129,1,Respiratory Infection
2024-02-23,Nilgiris,60,27,65,222,57,,12,78,69,1,Cholera
2024-02-24,Nilgiris,45,27,72,593,107,,11,41,140,1,Respiratory Infection
2024-02-25,Nilgiris,42,30,87,123,25,,12,88,36,0,Flu
2024-02-26,Nilgiris,0,28,61,424,115,,6,58,236,0,Typhoid
2024-02-27,Nilgiris,39,27,69,550,109,,10,45,284,1,Respiratory Infection
2024-02-28,Nilgiris,10,30,83,418,103,162.0,9,59,131,0,Typhoid
2024-02-29,Nilgiris,51,29,73,293,84,,12,71,150,1,Cholera
2024-03-01,Nilgiris,83,28,77,143,14,,16,86,63,1,Cholera
2024-03-02,Nilgiris,46,27,61,317,31,,10,69,158,0,Typhoid
2024-03-03,Nilgiris,111,27,85,200,25,,19,80,59,1,Dengue
2024-03-04,Nilgiris,54,28,60,144,40,,11,86,52,1,Cholera
2024-03-05,Nilgiris,79,29,79,445,48,,15,56,147,1,Cholera
2024-03-06,Nilgiris,73,29,73,193,45,,14,81,94,1,Cholera
2024-03-07,Nilgiris,0,27,92,524,99,219.0,9,48,265,1,Respiratory Infection
2024-03-08,Nilgiris,100,31,64,384,42,,16,62,175,1,Cholera
2024-03-09,Nilgiris,110,29,84,140,18,,19,86,38,1,Dengue
2024-03-10,Nilgiris,115,27,81,567,57,,19,44,140,1,Dengue
2024-03-11,Nilgiris,41,27,67,122,29,,10,88,69,0,Flu
2024-03-12,Nilgiris,137,29,83,550,144,,22,45,308,1,Dengue
2024-03-13,Nilgiris,22,29,64,381,80,,8,62,103,0,Typhoid
2024-03-14,Nilgiris,81,30,84,382,96,173.0,16,62,103,1,Dengue
2024-03-15,Nilgiris,53,27,77,282,55,,13,72,94,1,Cholera
2024-03-16,Nilgiris,9,28,80,516,70,,8,49,104,1,Respiratory Infection
2024-03-17,Nilgiris,45,27,91,262,54,,13,74,132,0,Typhoid
2024-03-18,Nilgiris,84,27,87,598,119,,17,41,326,1,Dengue
2024-03-19,Nilgiris,19,27,75,483,139,,9,52,260,1,Respiratory Infection
2024-03-20,Nilgiris,98,30,70,246,41,,16,76,114,1,Cholera
2024-03-21,Nilgiris,0,29,84,447,52,179.0,8,56,264,0,Typhoid
2024-03-22,Nilgiris,71,30,84,314,88,,15,69,68,1,Cholera
2024-03-23,Nilgiris,74,31,68,575,102,,14,43,218,1,Respiratory Infection
2024-03-24,Nilgiris,0,26,93,375,83,,9,63,105,0,Typhoid
2024-03-25,Nilgiris,11,29,64,416,104,,7,59,238,0,Typhoid
2024-03-26,Nilgiris,64,31,60,268,58,,12,74,97,1,Cholera
2024-03-27,Nilgiris,13,29,71,444,99,,8,56,90,0,Typhoid
2024-03-28,Nilgiris,0,26,91,421,93,96.0,9,58,151,0,Typhoid
2024-03-29,Nilgiris,2,30,60,253,30,,6,75,115,0,Typhoid
2024-03-30,Nilgiris,101,31,77,508,71,,17,50,195,1,Respiratory Infection
2024-03-31,Nilgiris,10,27,92,245,63,,10,76,121,0,Flu
2024-04-01,Nilgiris,16,26,72,154,29,,8,85,66,0,Flu
2024-04-02,Nilgiris,118,26,60,235,51,,17,77,132,1,Cholera
2024-04-03,Nilgiris,52,28,90,592,126,,14,41,224,1,Respiratory Infection
2024-04-04,Nilgiris,90,27,64,419,87,,15,59,120,1,Cholera
2024-04-05,Nilgiris,99,30,80,327,63,,17,68,117,1,Cholera
2024-04-06,Nilgiris,95,30,74,403,120,,16,60,149,1,Cholera
2024-04-07,Nilgiris,0,31,73,461,48,164.0,7,54,239,1,Respiratory Infection
2024-04-08,Nilgiris,73,30,68,111,25,,14,89,50,1,Cholera
2024-04-09,Nilgiris,69,31,79,180,19,,14,82,60,1,Cholera
2024-04-10,Nilgiris,56,30,62,502,82,,11,50,208,1,Respiratory Infection
2024-04-11,Nilgiris,114,30,94,508,109,,20,50,179,1,Dengue
2024-04-12,Nilgiris,56,29,88,450,105,,14,55,185,1,Cholera
2024-04-13,Nilgiris,101,26,86,303,57,,18,70,93,1,Dengue
2024-04-14,Nilgiris,116,28,84,503,88,209.0,20,50,225,1,Dengue
2024-04-15,Nilgiris,53,30,68,287,82,,12,72,97,1,Cholera
2024-04-16,Nilgiris,0,29,94,109,12,,9,90,31,0,Flu
2024-04-17,Nilgiris,117,30,92,430,96,,20,57,211,1,Dengue
2024-04-18,Nilgiris,88,28,64,419,52,,15,59,242,1,Cholera
2024-04-19,Nilgiris,0,26,79,400,96,,7,60,126,0,Typhoid
2024-04-20,Nilgiris,63,28,71,313,85,,13,69,77,1,Cholera
2024-04-21,Nilgiris,49,31,86,574,90,227.0,13,43,294,1,Respiratory Infection
2024-04-22,Nilgiris,28,29,80,332,85,,10,67,140,0,Typhoid
2024-04-23,Nilgiris,65,27,63,449,93,,12,56,211,1,Cholera
2024-04-24,Nilgiris,78,26,62,429,93,,14,58,86,1,Cholera
2024-04-25,Nilgiris,96,26,67,276,52,,16,73,153,1,Cholera
2024-04-26,Nilgiris,90,26,77,536,113,,16,47,190,1,Respiratory Infection
2024-04-27,Nilgiris,70,30,87,551,141,,15,45,171,1,Respiratory Infection
2024-04-28,Nilgiris,75,30,64,502,94,243.0,13,50,182,1,Respiratory Infection
2024-04-29,Nilgiris,0,28,92,388,115,,9,62,180,0,Typhoid
2024-01-01,Dharmapuri,49,30,61,469,82,,11,54,251,1,Respiratory Infection
2024-01-02,Dharmapuri,46,32,79,192,24,,12,81,51,0,Flu
2024-01-03,Dharmapuri,32,31,72,223,26,,10,78,121,0,Flu
2024-01-04,Dharmapuri,110,27,92,115,14,,20,89,57,1,Dengue
2024-01-05,Dharmapuri,75,28,92,286,44,,16,72,59,1,Cholera
2024-01-06,Dharmapuri,113,30,65,216,32,,17,79,53,1,Cholera
2024-01-07,Dharmapuri,53,28,76,390,98,165.0,12,61,95,1,Cholera
2024-01-08,Dharmapuri,34,32,66,511,135,,10,49,141,1,Respiratory Infection
2024-01-09,Dharmapuri,90,28,60,446,88,,15,56,263,1,Cholera
2024-01-10,Dharmapuri,87,31,90,355,92,,17,65,133,1,Dengue
2024-01-11,Dharmapuri,136,32,78,216,36,,21,79,81,1,Cholera
2024-01-12,Dharmapuri,63,29,83,351,46,,14,65,141,1,Cholera
2024-01-13,Dharmapuri,114,27,64,489,85,,17,52,256,1,Respiratory Infection
2024-01-14,Dharmapuri,22,31,67,574,120,131.0,8,43,220,1,Respiratory Infection
2024-01-15,Dharmapuri,129,27,81,164,24,,21,84,61,1,Dengue
2024-01-16,Dharmapuri,49,29,72,283,45,,12,72,152,0,Typhoid
2024-01-17,Dharmapuri,20,30,67,461,109,,8,54,250,1,Respiratory Infection
2024-01-18,Dharmapuri,102,28,66,489,55,,16,52,136,1,Respiratory Infection
2024-01-19,Dharmapuri,38,29,72,457,119,,11,55,192,1,Respiratory Infection
2024-01-20,Dharmapuri,102,29,83,468,121,,18,54,141,1,Dengue
2024-01-21,Dharmapuri,59,31,81,189,56,82.0,14,82,76,1,Cholera
2024-01-22,Dharmapuri,17,27,65,480,70,,8,52,271,1,Respiratory Infection
2024-01-23,Dharmapuri,112,28,76,218,54,,18,79,103,1,Cholera
2024-01-24,Dharmapuri,46,31,92,546,123,,13,46,207,1,Respiratory Infection
2024-01-25,Dharmapuri,97,27,63,382,74,,16,62,204,1,Cholera
2024-01-26,Dharmapuri,107,30,92,517,128,,19,49,272,1,Dengue
2024-01-27,Dharmapuri,41,32,60,195,43,,10,81,107,0,Flu
2024-01-28,Dharmapuri,29,29,70,389,89,158.0,9,62,181,0,Typhoid
2024-01-29,Dharmapuri,150,30,85,277,36,,23,73,132,1,Dengue
2024-01-30,Dharmapuri,54,28,79,208,56,,13,80,71,1,Cholera
2024-01-31,Dharmapuri,30,32,82,104,23,,11,90,31,0,Flu
2024-02-01,Dharmapuri,45,28,80,102,23,,12,90,57,0,Flu
2024-02-02,Dharmapuri,36,32,62,580,89,,9,42,333,1,Respiratory Infection
2024-02-03,Dharmapuri,110,31,87,542,68,,19,46,232,1,Dengue
2024-02-04,Dharmapuri,0,31,60,266,69,,6,74,130,0,Typhoid
2024-02-05,Dharmapuri,37,27,87,140,25,,12,86,39,0,Flu
2024-02-06,Dharmapuri,42,28,86,338,81,,12,67,154,0,Typhoid
2024-02-07,Dharmapuri,91,32,83,587,105,193.0,17,42,224,1,Dengue
2024-02-08,Dharmapuri,62,30,71,477,98,,13,53,178,1,Respiratory Infection
2024-02-09,Dharmapuri,61,30,70,223,63,,13,78,50,1,Cholera
2024-02-10,Dharmapuri,0,28,87,497,108,,8,51,254,1,Respiratory Infection
2024-02-11,Dharmapuri,53,31,87,136,28,,14,87,68,1,Cholera
2024-02-12,Dharmapuri,38,31,72,505,69,,11,50,195,1,Respiratory Infection
2024-02-13,Dharmapuri,6,32,63,473,137,,6,53,281,1,Respiratory Infection
2024-02-14,Dharmapuri,88,32,87,254,45,74.0,17,75,96,1,Dengue
2024-02-15,Dharmapuri,44,27,83,276,74,,12,73,93,0,Typhoid
2024-02-16,Dharmapuri,67,30,77,332,38,,14,67,84,1,Cholera
2024-02-17,Dharmapuri,37,32,80,252,73,,11,75,136,0,Typhoid
2024-02-18,Dharmapuri,39,30,62,132,37,,10,87,62,0,Flu
2024-02-19,Dharmapuri,20,27,69,564,110,,8,44,153,1,Respiratory Infection
2024-02-20,Dharmapuri,78,32,62,376,77,,14,63,112,1,Cholera
2024-02-21,Dharmapuri,56,27,94,145,31,57.0,15,86,33,1,Cholera
2024-02-22,Dharmapuri,26,28,62,367,80,,8,64,99,0,Typhoid
2024-02-23,Dharmapuri,64,30,74,182,39,,13,82,68,1,Cholera
2024-02-24,Dharmapuri,54,30,84,119,22,,13,89,63,1,Cholera
2024-02-25,Dharmapuri,70,31,88,429,44,,15,58,110,1,Cholera
2024-02-26,Dharmapuri,8,30,78,538,135,,8,47,288,1,Respiratory Infection
2024-02-27,Dharmapuri,91,30,70,363,77,,16,64,175,1,Cholera
2024-02-28,Dharmapuri,22,28,94,527,127,243.0,11,48,128,1,Respiratory Infection
2024-02-29,Dharmapuri,116,28,79,189,46,,19,82,81,1,Cholera
2024-03-01,Dharmapuri,109,31,80,190,43,,18,81,65,1,Cholera
2024-03-02,Dharmapuri,57,30,78,271,58,,13,73,72,1,Cholera
2024-03-03,Dharmapuri,3,29,62,508,51,,6,50,176,1,Respiratory Infection
2024-03-04,Dharmapuri,125,28,92,378,67,,21,63,80,1,Dengue
2024-03-05,Dharmapuri,49,30,76,364,103,,12,64,115,0,Typhoid
2024-03-06,Dharmapuri,35,30,84,196,33,,11,81,91,0,Flu
2024-03-07,Dharmapuri,13,28,70,387,82,154.0,8,62,227,0,Typhoid
2024-03-08,Dharmapuri,112,31,62,209,26,,17,80,93,1,Cholera
2024-03-09,Dharmapuri,23,30,63,476,85,,8,53,100,1,Respiratory Infection
2024-03-10,Dharmapuri,115,30,94,495,74,,20,51,265,1,Dengue
2024-03-11,Dharmapuri,100,32,88,316,53,,18,69,117,1,Dengue
2024-03-12,Dharmapuri,40,30,63,563,82,,10,44,250,1,Respiratory Infection
2024-03-13,Dharmapuri,62,27,77,128,21,,13,88,71,1,Cholera
2024-03-14,Dharmapuri,54,32,72,129,27,55.0,12,88,62,1,Cholera
2024-03-15,Dharmapuri,36,27,84,345,43,,12,66,152,0,Typhoid
2024-03-16,Dharmapuri,39,29,64,273,33,,10,73,59,0,Typhoid
2024-03-17,Dharmapuri,50,28,73,151,30,,12,85,76,0,Flu
2024-03-18,Dharmapuri,81,32,85,240,47,,16,76,50,1,Dengue
2024-03-19,Dharmapuri,102,32,83,413,88,,18,59,99,1,Dengue
2024-03-20,Dharmapuri,0,31,82,343,44,,8,66,88,0,Typhoid
2024-03-21,Dharmapuri,28,27,90,489,106,197.0,11,52,254,1,Respiratory Infection
2024-03-22,Dharmapuri,35,32,62,188,50,,9,82,84,0,Flu
2024-03-23,Dharmapuri,106,30,61,558,121,,16,45,267,1,Respiratory Infection
2024-03-24,Dharmapuri,68,29,68,544,86,,13,46,218,1,Respiratory Infection
2024-03-25,Dharmapuri,81,30,87,174,20,,16,83,41,1,Dengue
2024-03-26,Dharmapuri,111,31,76,461,132,,18,54,259,1,Respiratory Infection
2024-03-27,Dharmapuri,120,31,77,463,61,,19,54,156,1,Respiratory Infection
2024-03-28,Dharmapuri,43,29,63,538,59,132.0,10,47,212,1,Respiratory Infection
2024-03-29,Dharmapuri,87,27,85,510,142,,17,49,152,1,Dengue
2024-03-30,Dharmapuri,101,28,80,392,74,,18,61,204,1,Cholera
2024-03-31,Dharmapuri,47,29,71,139,29,,11,87,34,0,Flu
2024-04-01,Dharmapuri,117,31,85,163,36,,20,84,62,1,Dengue
2024-04-02,Dharmapuri,50,32,74,319,49,,12,69,165,0,Typhoid
2024-04-03,Dharmapuri,78,29,77,225,53,,15,78,101,1,Cholera
2024-04-04,Dharmapuri,85,27,75,195,36,,16,81,50,1,Cholera
2024-04-05,Dharmapuri,0,29,61,510,111,,6,49,238,1,Respiratory Infection
2024-04-06,Dharmapuri,133,31,85,110,23,,21,89,32,1,Dengue
2024-04-07,Dharmapuri,60,28,80,244,25,65.0,14,76,145,1,Cholera
2024-04-08,Dharmapuri,49,32,87,242,55,,13,76,58,0,Flu
2024-04-09,Dharmapuri,80,28,93,169,35,,17,84,75,1,Cholera
2024-04-10,Dharmapuri,68,28,83,544,131,,15,46,275,1,Respiratory Infection
2024-04-11,Dharmapuri,123,27,89,386,79,,21,62,91,1,Dengue
2024-04-12,Dharmapuri,86,29,64,113,24,,15,89,55,1,Cholera
2024-04-13,Dharmapuri,99,27,83,331,79,,18,67,170,1,Dengue
2024-04-14,Dharmapuri,75,28,91,142,18,63.0,16,86,76,1,Cholera
2024-04-15,Dharmapuri,62,29,94,419,85,,15,59,150,1,Cholera
2024-04-16,Dharmapuri,76,31,89,210,50,,16,79,92,1,Cholera
2024-04-17,Dharmapuri,70,30,83,536,89,,15,47,121,1,Respiratory Infection
2024-04-18,Dharmapuri,36,27,64,156,18,,10,85,48,0,Flu
2024-04-19,Dharmapuri,71,27,72,364,96,,14,64,211,1,Cholera
2024-04-20,Dharmapuri,21,28,70,306,73,,9,70,68,0,Typhoid
2024-04-21,Dharmapuri,87,30,86,129,30,51.0,17,88,70,1,Dengue
2024-04-22,Dharmapuri,39,28,80,560,70,,11,44,173,1,Respiratory Infection
2024-04-23,Dharmapuri,47,29,92,542,132,,13,46,151,1,Respiratory Infection
2024-04-24,Dharmapuri,70,30,66,204,23,,13,80,112,1,Cholera
2024-04-25,Dharmapuri,134,31,69,279,46,,20,73,96,1,Cholera
2024-04-26,Dharmapuri,19,31,85,343,73,,10,66,93,0,Typhoid
2024-04-27,Dharmapuri,158,29,74,530,71,,23,47,114,1,Respiratory Infection
2024-04-28,Dharmapuri,46,29,62,347,101,76.0,10,66,160,0,Typhoid
2024-04-29,Dharmapuri,32,30,78,529,80,,11,48,289,1,Respiratory Infection
2024-01-01,Krishnagiri,14,28,81,567,86,,9,44,320,1,Respiratory Infection
2024-01-02,Krishnagiri,86,30,83,319,60,,16,69,148,1,Dengue
2024-01-03,Krishnagiri,49,30,74,491,123,,12,51,256,1,Respiratory Infection
2024-01-04,Krishnagiri,35,30,92,132,13,,12,87,30,0,Flu
2024-01-05,Krishnagiri,53,28,72,206,38,,12,80,48,1,Cholera
2024-01-06,Krishnagiri,98,31,83,170,31,,18,83,101,1,Dengue
2024-01-07,Krishnagiri,15,29,65,392,97,154.0,8,61,186,0,Typhoid
2024-01-08,Krishnagiri,57,29,74,209,39,,13,80,44,1,Cholera
2024-01-09,Krishnagiri,35,31,72,512,144,,10,49,236,1,Respiratory Infection
2024-01-10,Krishnagiri,37,29,94,206,21,,13,80,98,0,Flu
2024-01-11,Krishnagiri,88,31,78,555,151,,16,45,298,1,Respiratory Infection
2024-01-12,Krishnagiri,44,31,91,551,71,,13,45,179,1,Respiratory Infection
2024-01-13,Krishnagiri,39,31,81,305,73,,12,70,105,0,Typhoid
2024-01-14,Krishnagiri,42,33,81,364,37,141.0,12,64,160,0,Typhoid
2024-01-15,Krishnagiri,0,32,85,329,94,,8,68,105,0,Typhoid
2024-01-16,Krishnagiri,91,33,94,312,46,,18,69,128,1,Dengue
2024-01-17,Krishnagiri,0,28,66,251,60,,6,75,101,0,Typhoid
2024-01-18,Krishnagiri,87,29,89,276,69,,17,73,81,1,Dengue
2024-01-19,Krishnagiri,129,29,68,444,74,,19,56,115,1,Cholera
2024-01-20,Krishnagiri,31,29,72,298,45,,10,71,167,0,Typhoid
2024-01-21,Krishnagiri,35,29,80,298,55,126.0,11,71,78,0,Typhoid
2024-01-22,Krishnagiri,132,29,87,112,27,,21,89,62,1,Dengue
2024-01-23,Krishnagiri,95,32,60,250,27,,15,75,126,1,Cholera
2024-01-24,Krishnagiri,59,30,60,259,72,,11,75,117,1,Cholera
2024-01-25,Krishnagiri,45,28,69,424,49,,11,58,245,0,Typhoid
2024-01-26,Krishnagiri,38,30,65,381,87,,10,62,226,0,Typhoid
2024-01-27,Krishnagiri,73,28,90,300,60,,16,70,79,1,Cholera
2024-01-28,Krishnagiri,114,29,64,597,141,164.0,17,41,254,1,Respiratory Infection
2024-01-29,Krishnagiri,5,33,77,548,112,,8,46,296,1,Respiratory Infection
2024-01-30,Krishnagiri,74,33,90,275,79,,16,73,75,1,Cholera
2024-01-31,Krishnagiri,37,32,84,135,36,,12,87,46,0,Flu
2024-02-01,Krishnagiri,114,30,61,327,94,,17,68,97,1,Cholera
2024-02-02,Krishnagiri,126,29,79,176,50,,20,83,46,1,Cholera
2024-02-03,Krishnagiri,20,28,70,292,72,,9,71,106,0,Typhoid
2024-02-04,Krishnagiri,0,32,63,572,134,,6,43,168,1,Respiratory Infection
2024-02-05,Krishnagiri,58,30,64,468,121,,12,54,141,1,Respiratory Infection
2024-02-06,Krishnagiri,80,33,80,485,63,,16,52,155,1,Respiratory Infection
2024-02-07,Krishnagiri,12,29,75,170,17,52.0,8,83,74,0,Flu
2024-02-08,Krishnagiri,0,28,91,343,85,,9,66,119,0,Typhoid
2024-02-09,Krishnagiri,26,28,90,365,101,,11,64,171,0,Typhoid
2024-02-10,Krishnagiri,73,32,72,282,34,,14,72,161,1,Cholera
2024-02-11,Krishnagiri,0,29,61,480,95,,6,52,169,1,Respiratory Infection
2024-02-12,Krishnagiri,116,32,68,153,26,,18,85,35,1,Cholera
2024-02-13,Krishnagiri,0,28,92,503,149,,9,50,103,1,Respiratory Infection
2024-02-14,Krishnagiri,7,32,69,235,26,101.0,7,77,57,0,Flu
2024-02-15,Krishnagiri,166,33,70,300,65,,23,70,125,1,Cholera
2024-02-16,Krishnagiri,68,33,77,304,56,,14,70,172,1,Cholera
2024-02-17,Krishnagiri,100,33,60,582,99,,16,42,240,1,Respiratory Infection
2024-02-18,Krishnagiri,80,32,92,281,37,,17,72,145,1,Cholera
2024-02-19,Krishnagiri,38,31,92,597,150,,13,41,269,1,Respiratory Infection
2024-02-20,Krishnagiri,52,33,82,493,100,,13,51,211,1,Respiratory Infection
2024-02-21,Krishnagiri,100,32,63,444,132,138.0,16,56,176,1,Cholera
2024-02-22,Krishnagiri,20,32,94,360,82,,11,64,190,0,Typhoid
2024-02-23,Krishnagiri,70,29,82,366,95,,15,64,155,1,Cholera
2024-02-24,Krishnagiri,106,29,67,586,150,,17,42,254,1,Respiratory Infection
2024-02-25,Krishnagiri,3,32,93,243,64,,9,76,102,0,Flu
2024-02-26,Krishnagiri,98,32,76,146,26,,17,86,56,1,Cholera
2024-02-27,Krishnagiri,56,32,82,422,63,,13,58,143,1,Cholera
2024-02-28,Krishnagiri,84,33,90,471,72,171.0,17,53,109,1,Dengue
2024-02-29,Krishnagiri,73,29,87,153,27,,16,85,71,1,Cholera
2024-03-01,Krishnagiri,115,32,91,446,68,,20,56,104,1,Dengue
2024-03-02,Krishnagiri,0,28,68,422,89,,6,58,85,0,Typhoid
2024-03-03,Krishnagiri,7,31,73,163,46,,8,84,81,0,Flu
2024-03-04,Krishnagiri,71,33,81,290,85,,15,71,81,1,Cholera
2024-03-05,Krishnagiri,98,30,61,495,92,,15,51,246,1,Respiratory Infection
2024-03-06,Krishnagiri,90,30,83,300,48,,17,70,76,1,Dengue
2024-03-07,Krishnagiri,134,30,76,240,32,110.0,21,76,118,1,Cholera
2024-03-08,Krishnagiri,51,30,60,367,101,,11,64,206,1,Cholera
2024-03-09,Krishnagiri,6,33,60,345,75,,6,66,174,0,Typhoid
2024-03-10,Krishnagiri,9,30,92,151,40,,10,85,52,0,Flu
2024-03-11,Krishnagiri,49,31,93,438,110,,14,57,246,0,Typhoid
2024-03-12,Krishnagiri,36,28,87,404,75,,12,60,114,0,Typhoid
2024-03-13,Krishnagiri,48,30,65,475,89,,11,53,192,1,Respiratory Infection
2024-03-14,Krishnagiri,59,32,70,229,60,71.0,12,78,74,1,Cholera
2024-03-15,Krishnagiri,49,32,65,441,80,,11,56,101,0,Typhoid
2024-03-16,Krishnagiri,52,31,63,400,63,,11,60,108,1,Cholera
2024-03-17,Krishnagiri,118,31,85,577,123,,20,43,173,1,Dengue
2024-03-18,Krishnagiri,52,28,76,525,91,,12,48,207,1,Respiratory Infection
2024-03-19,Krishnagiri,47,30,94,454,105,,14,55,198,1,Respiratory Infection
2024-03-20,Krishnagiri,79,28,71,341,77,,15,66,186,1,Cholera
2024-03-21,Krishnagiri,63,33,79,586,171,175.0,14,42,154,1,Respiratory Infection
2024-03-22,Krishnagiri,84,31,77,416,86,,16,59,237,1,Cholera
2024-03-23,Krishnagiri,68,28,82,268,71,,15,74,135,1,Cholera
2024-03-24,Krishnagiri,5,29,84,143,26,,8,86,68,0,Flu
2024-03-25,Krishnagiri,110,31,82,430,56,,19,57,173,1,Dengue
2024-03-26,Krishnagiri,28,32,81,285,68,,10,72,71,0,Typhoid
2024-03-27,Krishnagiri,50,30,65,421,125,,11,58,112,0,Typhoid
2024-03-28,Krishnagiri,78,29,93,188,39,41.0,17,82,74,1,Cholera
2024-03-29,Krishnagiri,24,28,62,441,66,,8,56,133,0,Typhoid
2024-03-30,Krishnagiri,89,29,60,518,67,,14,49,304,1,Respiratory Infection
2024-03-31,Krishnagiri,123,33,79,513,101,,20,49,228,1,Respiratory Infection
2024-04-01,Krishnagiri,4,28,77,197,33,,8,81,93,0,Flu
2024-04-02,Krishnagiri,81,32,87,377,98,,16,63,222,1,Dengue
2024-04-03,Krishnagiri,116,28,79,179,28,,19,83,41,1,Cholera
2024-04-04,Krishnagiri,31,33,82,243,64,,11,76,105,0,Flu
2024-04-05,Krishnagiri,0,31,80,479,88,,8,53,97,1,Respiratory Infection
2024-04-06,Krishnagiri,98,32,61,176,52,,15,83,92,1,Cholera
2024-04-07,Krishnagiri,24,30,94,339,77,113.0,11,67,106,0,Typhoid
2024-04-08,Krishnagiri,9,29,81,246,64,,9,76,126,0,Flu
2024-04-09,Krishnagiri,11,31,61,112,28,,7,89,33,0,Flu
2024-04-10,Krishnagiri,61,33,88,168,41,,14,84,86,1,Cholera
2024-04-11,Krishnagiri,137,30,80,388,50,,21,62,84,1,Cholera
2024-04-12,Krishnagiri,76,28,81,498,81,,15,51,298,1,Respiratory Infection
2024-04-13,Krishnagiri,43,33,61,540,74,,10,46,146,1,Respiratory Infection
2024-04-14,Krishnagiri,44,29,90,160,33,44.0,13,84,61,0,Flu
2024-04-15,Krishnagiri,162,33,88,532,84,,25,47,264,1,Dengue
2024-04-16,Krishnagiri,139,31,82,130,32,,22,87,46,1,Dengue
2024-04-17,Krishnagiri,72,28,94,432,88,,16,57,230,1,Cholera
2024-04-18,Krishnagiri,9,29,83,445,89,,9,56,249,0,Typhoid
2024-04-19,Krishnagiri,54,32,60,537,62,,11,47,232,1,Respiratory Infection
2024-04-20,Krishnagiri,99,28,64,467,106,,16,54,147,1,Respiratory Infection
2024-04-21,Krishnagiri,46,33,91,465,100,176.0,13,54,141,1,Respiratory Infection
2024-04-22,Krishnagiri,9,29,70,167,16,,7,84,84,0,Flu
2024-04-23,Krishnagiri,43,32,63,336,51,,10,67,88,0,Typhoid
2024-04-24,Krishnagiri,50,33,77,449,60,,12,56,199,0,Typhoid
2024-04-25,Krishnagiri,74,30,80,147,15,,15,86,46,1,Cholera
2024-04-26,Krishnagiri,0,33,73,427,66,,7,58,87,0,Typhoid
2024-04-27,Krishnagiri,80,28,76,110,22,,15,89,46,1,Cholera
2024-04-28,Krishnagiri,108,29,93,559,83,164.0,20,45,237,1,Dengue
2024-04-29,Krishnagiri,29,33,67,158,42,,9,85,50,0,Flu
2024-01-01,Ariyalur,28,28,81,501,74,,10,50,218,1,Respiratory Infection
2024-01-02,Ariyalur,52,27,75,261,28,,12,74,97,1,Cholera
2024-01-03,Ariyalur,94,31,91,418,101,,18,59,147,1,Dengue
2024-01-04,Ariyalur,67,29,78,151,30,,14,85,49,1,Cholera
2024-01-05,Ariyalur,38,31,75,521,63,,11,48,166,1,Respiratory Infection
2024-01-06,Ariyalur,0,30,63,352,94,,6,65,84,0,Typhoid
2024-01-07,Ariyalur,52,27,85,142,22,51.0,13,86,40,1,Cholera
2024-01-08,Ariyalur,36,30,77,503,107,,11,50,269,1,Respiratory Infection
2024-01-09,Ariyalur,127,26,70,581,150,,19,42,344,1,Respiratory Infection
2024-01-10,Ariyalur,90,31,63,103,11,,15,90,50,1,Cholera
2024-01-11,Ariyalur,65,28,72,462,74,,13,54,106,1,Respiratory Infection
2024-01-12,Ariyalur,73,31,60,414,108,,13,59,128,1,Cholera
2024-01-13,Ariyalur,39,28,86,277,67,,12,73,156,0,Typhoid
2024-01-14,Ariyalur,0,29,71,577,116,250.0,7,43,227,1,Respiratory Infection
2024-01-15,Ariyalur,0,26,78,151,31,,7,85,71,0,Flu
2024-01-16,Ariyalur,33,30,93,244,38,,12,76,52,0,Flu
2024-01-17,Ariyalur,66,26,81,174,49,,14,83,83,1,Cholera
2024-01-18,Ariyalur,87,29,64,426,118,,15,58,174,1,Cholera
2024-01-19,Ariyalur,114,28,65,515,154,,17,49,137,1,Respiratory Infection
2024-01-20,Ariyalur,66,30,81,504,119,,14,50,103,1,Respiratory Infection
2024-01-21,Ariyalur,104,30,68,317,59,154.0,17,69,162,1,Cholera
2024-01-22,Ariyalur,99,28,93,255,62,,19,75,108,1,Dengue
2024-01-23,Ariyalur,120,31,60,554,77,,18,45,214,1,Respiratory Infection
2024-01-24,Ariyalur,57,30,64,432,82,,12,57,161,1,Cholera
2024-01-25,Ariyalur,67,30,92,499,115,,15,51,193,1,Respiratory Infection
2024-01-26,Ariyalur,87,26,80,597,66,,16,41,167,1,Respiratory Infection
2024-01-27,Ariyalur,6,28,64,433,59,,7,57,117,0,Typhoid
2024-01-28,Ariyalur,40,29,92,568,141,253.0,13,44,167,1,Respiratory Infection
2024-01-29,Ariyalur,13,28,86,291,84,,9,71,110,0,Typhoid
2024-01-30,Ariyalur,59,30,88,340,45,,14,66,91,1,Cholera
2024-01-31,Ariyalur,0,28,60,406,87,,6,60,87,0,Typhoid
2024-02-01,Ariyalur,61,28,82,195,44,,14,81,107,1,Cholera
2024-02-02,Ariyalur,63,29,85,210,56,,14,79,123,1,Cholera
2024-02-03,Ariyalur,98,28,67,519,108,,16,49,252,1,Respiratory Infection
2024-02-04,Ariyalur,46,29,79,284,80,,12,72,56,0,Typhoid
2024-02-05,Ariyalur,80,29,61,108,13,,14,90,33,1,Cholera
2024-02-06,Ariyalur,46,31,67,246,73,,11,76,78,0,Flu
2024-02-07,Ariyalur,51,28,81,145,24,31.0,13,86,75,1,Cholera
2024-02-08,Ariyalur,79,27,94,492,138,,17,51,202,1,Respiratory Infection
2024-02-09,Ariyalur,28,30,82,126,18,,11,88,26,0,Flu
2024-02-10,Ariyalur,65,28,77,424,111,,14,58,196,1,Cholera
2024-02-11,Ariyalur,120,31,74,236,47,,19,77,57,1,Cholera
2024-02-12,Ariyalur,34,26,68,118,23,,10,89,28,0,Flu
2024-02-13,Ariyalur,51,29,82,127,30,,13,88,40,1,Cholera
2024-02-14,Ariyalur,52,26,90,266,43,131.0,14,74,134,1,Cholera
2024-02-15,Ariyalur,85,29,61,116,20,,14,89,45,1,Cholera
2024-02-16,Ariyalur,103,27,68,382,88,,17,62,130,1,Cholera
2024-02-17,Ariyalur,31,30,67,549,142,,9,46,138,1,Respiratory Infection
2024-02-18,Ariyalur,67,28,65,552,158,,13,45,238,1,Respiratory Infection
2024-02-19,Ariyalur,79,26,92,261,43,,17,74,77,1,Cholera
2024-02-20,Ariyalur,62,26,88,190,49,,15,81,98,1,Cholera
2024-02-21,Ariyalur,64,27,89,101,24,24.0,15,90,58,1,Cholera
2024-02-22,Ariyalur,54,28,71,289,86,,12,72,96,1,Cholera
2024-02-23,Ariyalur,71,27,66,525,76,,13,48,245,1,Respiratory Infection
2024-02-24,Ariyalur,81,30,64,301,74,,14,70,86,1,Cholera
2024-02-25,Ariyalur,3,30,88,110,32,,9,89,24,0,Flu
2024-02-26,Ariyalur,102,27,84,120,19,,18,88,57,1,Dengue
2024-02-27,Ariyalur,108,30,71,542,144,,17,46,256,1,Respiratory Infection
2024-02-28,Ariyalur,73,31,70,522,102,226.0,14,48,228,1,Respiratory Infection
2024-02-29,Ariyalur,76,26,87,358,93,,16,65,205,1,Cholera
2024-03-01,Ariyalur,34,31,94,357,43,,12,65,72,0,Typhoid
2024-03-02,Ariyalur,99,28,62,234,25,,16,77,91,1,Cholera
2024-03-03,Ariyalur,68,30,87,238,28,,15,77,129,1,Cholera
2024-03-04,Ariyalur,56,28,85,300,83,,14,70,60,1,Cholera
2024-03-05,Ariyalur,73,29,87,542,68,,16,46,161,1,Respiratory Infection
2024-03-06,Ariyalur,121,27,83,562,139,,20,44,182,1,Dengue
2024-03-07,Ariyalur,151,31,85,112,31,47.0,23,89,65,1,Dengue
2024-03-08,Ariyalur,46,27,89,538,116,,13,47,321,1,Respiratory Infection
2024-03-09,Ariyalur,62,28,87,396,84,,14,61,140,1,Cholera
2024-03-10,Ariyalur,0,29,86,195,53,,8,81,39,0,Flu
2024-03-11,Ariyalur,92,29,69,498,149,,16,51,156,1,Respiratory Infection
2024-03-12,Ariyalur,88,31,82,191,28,,17,81,48,1,Dengue
2024-03-13,Ariyalur,93,30,91,464,130,,18,54,185,1,Dengue
2024-03-14,Ariyalur,73,27,73,165,32,76.0,14,84,49,1,Cholera
2024-03-15,Ariyalur,62,29,92,321,60,,15,68,96,1,Cholera
2024-03-16,Ariyalur,56,28,79,190,47,,13,81,50,1,Cholera
2024-03-17,Ariyalur,114,27,88,491,109,,20,51,143,1,Dengue
2024-03-18,Ariyalur,45,31,75,432,98,,12,57,254,0,Typhoid
2024-03-19,Ariyalur,104,29,77,549,131,,18,46,152,1,Respiratory Infection
2024-03-20,Ariyalur,57,26,69,346,51,,12,66,126,1,Cholera
2024-03-21,Ariyalur,0,27,90,390,58,106.0,9,61,82,0,Typhoid
2024-03-22,Ariyalur,22,30,77,443,55,,9,56,98,0,Typhoid
2024-03-23,Ariyalur,51,31,61,480,85,,11,52,120,1,Respiratory Infection
2024-03-24,Ariyalur,0,26,70,421,46,,7,58,96,0,Typhoid
2024-03-25,Ariyalur,48,26,72,436,52,,12,57,99,0,Typhoid
2024-03-26,Ariyalur,97,27,71,176,42,,16,83,56,1,Cholera
2024-03-27,Ariyalur,44,30,90,595,98,,13,41,174,1,Respiratory Infection
2024-03-28,Ariyalur,80,31,79,419,56,102.0,15,59,231,1,Cholera
2024-03-29,Ariyalur,46,28,77,564,159,,12,44,282,1,Respiratory Infection
2024-03-30,Ariyalur,74,31,78,260,67,,15,74,110,1,Cholera
2024-03-31,Ariyalur,0,27,85,393,96,,8,61,97,0,Typhoid
2024-04-01,Ariyalur,20,28,87,253,66,,10,75,56,0,Typhoid
2024-04-02,Ariyalur,88,27,67,403,50,,15,60,161,1,Cholera
2024-04-03,Ariyalur,110,29,70,441,107,,18,56,194,1,Cholera
2024-04-04,Ariyalur,49,31,93,181,42,,14,82,95,0,Flu
2024-04-05,Ariyalur,2,28,85,118,35,,8,89,56,0,Flu
2024-04-06,Ariyalur,67,29,72,511,115,,13,49,154,1,Respiratory Infection
2024-04-07,Ariyalur,102,26,76,576,155,176.0,17,43,323,1,Respiratory Infection
2024-04-08,Ariyalur,48,28,81,126,19,,12,88,61,0,Flu
2024-04-09,Ariyalur,146,31,72,267,42,,21,74,73,1,Cholera
2024-04-10,Ariyalur,76,26,85,337,41,,16,67,146,1,Cholera
2024-04-11,Ariyalur,0,29,77,377,38,,7,63,186,0,Typhoid
2024-04-12,Ariyalur,0,30,60,556,125,,6,45,116,1,Respiratory Infection
2024-04-13,Ariyalur,8,27,73,189,54,,8,82,83,0,Flu
2024-04-14,Ariyalur,40,30,82,563,60,248.0,12,44,133,1,Respiratory Infection
2024-04-15,Ariyalur,6,27,87,145,36,,9,86,57,0,Flu
2024-04-16,Ariyalur,23,26,75,465,125,,9,54,224,1,Respiratory Infection
2024-04-17,Ariyalur,108,26,69,249,47,,17,76,117,1,Cholera
2024-04-18,Ariyalur,27,29,62,475,62,,8,53,114,1,Respiratory Infection
2024-04-19,Ariyalur,129,26,69,274,50,,19,73,126,1,Cholera
2024-04-20,Ariyalur,42,27,83,258,60,,12,75,92,0,Typhoid
2024-04-21,Ariyalur,132,29,75,552,60,112.0,20,45,329,1,Respiratory Infection
2024-04-22,Ariyalur,132,27,79,229,48,,21,78,94,1,Cholera
2024-04-23,Ariyalur,158,31,81,423,119,,23,58,224,1,Dengue
2024-04-24,Ariyalur,36,29,75,469,137,,11,54,241,1,Respiratory Infection
2024-04-25,Ariyalur,74,27,79,348,100,,15,66,133,1,Cholera
2024-04-26,Ariyalur,48,27,69,244,41,,11,76,65,0,Flu
2024-04-27,Ariyalur,46,28,85,582,99,,13,42,165,1,Respiratory Infection
2024-04-28,Ariyalur,67,31,65,143,25,67.0,13,86,68,1,Cholera
2024-04-29,Ariyalur,39,30,83,428,63,,12,58,249,0,Typhoid
2024-01-01,Mayiladuthurai,79,28,73,255,43,,15,75,137,1,Cholera
2024-01-02,Mayiladuthurai,58,26,75,365,56,,13,64,76,1,Cholera
2024-01-03,Mayiladuthurai,88,30,94,166,40,,18,84,61,1,Dengue
2024-01-04,Mayiladuthurai,0,29,89,460,77,,8,54,95,1,Respiratory Infection
2024-01-05,Mayiladuthurai,74,26,82,352,98,,15,65,134,1,Cholera
2024-01-06,Mayiladuthurai,28,27,68,323,66,,9,68,68,0,Typhoid
2024-01-07,Mayiladuthurai,146,28,73,151,25,60.0,21,85,59,1,Cholera
2024-01-08,Mayiladuthurai,107,27,86,518,118,,19,49,228,1,Dengue
2024-01-09,Mayiladuthurai,66,28,81,474,54,,14,53,283,1,Respiratory Infection
2024-01-10,Mayiladuthurai,64,31,84,363,66,,14,64,142,1,Cholera
2024-01-11,Mayiladuthurai,0,27,67,160,16,,6,84,42,0,Flu
2024-01-12,Mayiladuthurai,132,30,73,256,47,,20,75,119,1,Cholera
2024-01-13,Mayiladuthurai,65,30,78,550,63,,14,45,319,1,Respiratory Infection
2024-01-14,Mayiladuthurai,97,26,76,251,60,110.0,17,75,65,1,Cholera
2024-01-15,Mayiladuthurai,95,29,61,532,112,,15,47,138,1,Respiratory Infection
2024-01-16,Mayiladuthurai,84,26,62,180,29,,14,82,82,1,Cholera
2024-01-17,Mayiladuthurai,3,30,72,197,22,,7,81,44,0,Flu
2024-01-18,Mayiladuthurai,69,28,72,120,21,,14,88,71,1,Cholera
2024-01-19,Mayiladuthurai,0,29,82,585,133,,8,42,291,1,Respiratory Infection
2024-01-20,Mayiladuthurai,65,31,84,241,45,,14,76,95,1,Cholera
2024-01-21,Mayiladuthurai,49,26,66,534,109,249.0,11,47,303,1,Respiratory Infection
2024-01-22,Mayiladuthurai,31,31,94,495,60,,12,51,219,1,Respiratory Infection
2024-01-23,Mayiladuthurai,40,28,79,502,145,,11,50,263,1,Respiratory Infection
2024-01-24,Mayiladuthurai,0,27,63,445,103,,6,56,149,0,Typhoid
2024-01-25,Mayiladuthurai,72,28,83,431,43,,15,57,141,1,Cholera
2024-01-26,Mayiladuthurai,0,31,75,533,71,,7,47,309,1,Respiratory Infection
2024-01-27,Mayiladuthurai,45,28,71,287,79,,11,72,132,0,Typhoid
2024-01-28,Mayiladuthurai,67,29,72,464,123,108.0,13,54,98,1,Respiratory Infection
2024-01-29,Mayiladuthurai,13,26,87,179,33,,10,83,40,0,Flu
2024-01-30,Mayiladuthurai,48,29,72,352,96,,12,65,135,0,Typhoid
2024-01-31,Mayiladuthurai,112,30,66,217,56,,17,79,116,1,Cholera
2024-02-01,Mayiladuthurai,132,26,69,379,112,,20,63,137,1,Cholera
2024-02-02,Mayiladuthurai,53,27,65,513,98,,11,49,298,1,Respiratory Infection
2024-02-03,Mayiladuthurai,56,31,94,345,57,,15,66,198,1,Cholera
2024-02-04,Mayiladuthurai,85,28,90,478,90,,17,53,284,1,Dengue
2024-02-05,Mayiladuthurai,7,26,80,595,97,,8,41,125,1,Respiratory Infection
2024-02-06,Mayiladuthurai,44,28,73,284,74,,11,72,95,0,Typhoid
2024-02-07,Mayiladuthurai,55,26,72,462,69,100.0,12,54,214,1,Respiratory Infection
2024-02-08,Mayiladuthurai,35,29,65,347,41,,10,66,164,0,Typhoid
2024-02-09,Mayiladuthurai,59,30,79,404,102,,13,60,236,1,Cholera
2024-02-10,Mayiladuthurai,21,26,92,385,38,,11,62,163,0,Typhoid
2024-02-11,Mayiladuthurai,97,26,73,408,90,,17,60,186,1,Cholera
2024-02-12,Mayiladuthurai,128,31,91,522,131,,21,48,135,1,Dengue
2024-02-13,Mayiladuthurai,112,31,82,527,136,,19,48,215,1,Dengue
2024-02-14,Mayiladuthurai,14,27,69,509,60,195.0,8,50,128,1,Respiratory Infection
2024-02-15,Mayiladuthurai,48,28,75,374,70,,12,63,205,0,Typhoid
2024-02-16,Mayiladuthurai,67,28,91,138,29,,15,87,66,1,Cholera
2024-02-17,Mayiladuthurai,49,31,63,405,104,,11,60,173,0,Typhoid
2024-02-18,Mayiladuthurai,16,28,77,362,53,,9,64,101,0,Typhoid
2024-02-19,Mayiladuthurai,74,27,65,281,47,,13,72,79,1,Cholera
2024-02-20,Mayiladuthurai,102,27,88,100,23,,19,90,52,1,Dengue
2024-02-21,Mayiladuthurai,58,29,60,157,17,77.0,11,85,79,1,Cholera
2024-02-22,Mayiladuthurai,68,27,82,343,66,,15,66,96,1,Cholera
2024-02-23,Mayiladuthurai,76,30,85,535,71,,16,47,306,1,Respiratory Infection
2024-02-24,Mayiladuthurai,66,30,67,485,91,,13,52,222,1,Respiratory Infection
2024-02-25,Mayiladuthurai,16,26,83,511,71,,9,49,116,1,Respiratory Infection
2024-02-26,Mayiladuthurai,90,30,63,285,48,,15,72,106,1,Cholera
2024-02-27,Mayiladuthurai,8,31,75,239,46,,8,77,104,0,Flu
2024-02-28,Mayiladuthurai,36,30,64,394,82,141.0,10,61,111,0,Typhoid
2024-02-29,Mayiladuthurai,70,28,74,160,32,,14,84,80,1,Cholera
2024-03-01,Mayiladuthurai,16,28,72,376,83,,8,63,101,0,Typhoid
2024-03-02,Mayiladuthurai,101,27,64,319,83,,16,69,116,1,Cholera
2024-03-03,Mayiladuthurai,36,28,80,249,27,,11,76,64,0,Flu
2024-03-04,Mayiladuthurai,0,31,73,579,73,,7,43,316,1,Respiratory Infection
2024-03-05,Mayiladuthurai,73,31,74,432,113,,14,57,232,1,Cholera
2024-03-06,Mayiladuthurai,99,28,74,521,126,,17,48,299,1,Respiratory Infection
2024-03-07,Mayiladuthurai,65,26,82,562,57,206.0,14,44,238,1,Respiratory Infection
2024-03-08,Mayiladuthurai,49,26,84,265,61,,13,74,88,0,Typhoid
2024-03-09,Mayiladuthurai,31,30,74,531,124,,10,47,212,1,Respiratory Infection
2024-03-10,Mayiladuthurai,30,31,91,346,49,,12,66,78,0,Typhoid
2024-03-11,Mayiladuthurai,42,28,88,380,49,,13,62,219,0,Typhoid
2024-03-12,Mayiladuthurai,58,30,65,316,52,,12,69,65,1,Cholera
2024-03-13,Mayiladuthurai,71,27,67,567,145,,13,44,324,1,Respiratory Infection
2024-03-14,Mayiladuthurai,71,26,74,519,126,201.0,14,49,238,1,Respiratory Infection
2024-03-15,Mayiladuthurai,49,28,87,109,15,,13,90,64,0,Flu
2024-03-16,Mayiladuthurai,10,31,87,129,34,,9,88,30,0,Flu
2024-03-17,Mayiladuthurai,42,28,76,430,54,,11,57,109,0,Typhoid
2024-03-18,Mayiladuthurai,68,30,82,319,55,,15,69,166,1,Cholera
2024-03-19,Mayiladuthurai,52,26,78,526,79,,13,48,124,1,Respiratory Infection
2024-03-20,Mayiladuthurai,90,26,93,400,47,,18,60,216,1,Dengue
2024-03-21,Mayiladuthurai,73,26,94,151,31,46.0,16,85,39,1,Cholera
2024-03-22,Mayiladuthurai,13,28,63,147,37,,7,86,38,0,Flu
2024-03-23,Mayiladuthurai,82,27,94,436,112,,17,57,185,1,Dengue
2024-03-24,Mayiladuthurai,67,28,94,414,116,,16,59,109,1,Cholera
2024-03-25,Mayiladuthurai,40,28,83,207,47,,12,80,49,0,Flu
2024-03-26,Mayiladuthurai,92,31,60,240,68,,15,76,98,1,Cholera
2024-03-27,Mayiladuthurai,48,31,77,344,41,,12,66,187,0,Typhoid
2024-03-28,Mayiladuthurai,76,26,67,531,142,206.0,14,47,317,1,Respiratory Infection
2024-03-29,Mayiladuthurai,40,31,69,241,44,,10,76,62,0,Flu
2024-03-30,Mayiladuthurai,46,27,62,368,53,,10,64,91,0,Typhoid
2024-03-31,Mayiladuthurai,80,30,74,295,31,,15,71,109,1,Cholera
2024-04-01,Mayiladuthurai,34,27,63,184,41,,9,82,109,0,Flu
2024-04-02,Mayiladuthurai,102,31,89,184,22,,19,82,38,1,Dengue
2024-04-03,Mayiladuthurai,30,29,78,235,50,,10,77,90,0,Flu
2024-04-04,Mayiladuthurai,31,28,77,567,130,,10,44,195,1,Respiratory Infection
2024-04-05,Mayiladuthurai,44,30,71,422,77,,11,58,229,0,Typhoid
2024-04-06,Mayiladuthurai,50,30,88,184,50,,13,82,85,0,Flu
2024-04-07,Mayiladuthurai,58,29,79,265,42,66.0,13,74,135,1,Cholera
2024-04-08,Mayiladuthurai,83,29,79,368,60,,16,64,107,1,Cholera
2024-04-09,Mayiladuthurai,103,30,82,513,104,,18,49,287,1,Dengue
2024-04-10,Mayiladuthurai,73,27,86,163,34,,15,84,50,1,Cholera
2024-04-11,Mayiladuthurai,17,30,84,438,101,,10,57,103,0,Typhoid
2024-04-12,Mayiladuthurai,46,27,66,109,26,,11,90,63,0,Flu
2024-04-13,Mayiladuthurai,0,30,77,416,81,,7,59,107,0,Typhoid
2024-04-14,Mayiladuthurai,43,26,67,360,56,159.0,11,64,121,0,Typhoid
2024-04-15,Mayiladuthurai,84,30,91,302,77,,17,70,136,1,Dengue
2024-04-16,Mayiladuthurai,59,27,92,427,78,,15,58,248,1,Cholera
2024-04-17,Mayiladuthurai,130,28,88,306,78,,21,70,101,1,Dengue
2024-04-18,Mayiladuthurai,0,26,61,161,31,,6,84,79,0,Flu
2024-04-19,Mayiladuthurai,99,26,75,365,89,,17,64,128,1,Cholera
2024-04-20,Mayiladuthurai,96,30,68,136,27,,16,87,65,1,Cholera
2024-04-21,Mayiladuthurai,0,27,68,456,117,143.0,6,55,187,1,Respiratory Infection
2024-04-22,Mayiladuthurai,55,26,87,503,136,,14,50,108,1,Respiratory Infection
2024-04-23,Mayiladuthurai,55,28,88,237,27,,14,77,75,1,Cholera
2024-04-24,Mayiladuthurai,16,30,85,491,127,,10,51,282,1,Respiratory Infection
2024-04-25,Mayiladuthurai,88,31,77,290,34,,16,71,62,1,Cholera
2024-04-26,Mayiladuthurai,0,29,65,251,61,,6,75,90,0,Typhoid
2024-04-27,Mayiladuthurai,30,31,89,406,113,,11,60,197,0,Typhoid
2024-04-28,Mayiladuthurai,83,30,76,114,28,39.0,15,89,38,1,Cholera
2024-04-29,Mayiladuthurai,37,30,77,550,129,,11,45,182,1,Respiratory Infection
2024-01-01,Tirupattur,99,33,71,313,86,,17,69,169,1,Cholera
2024-01-02,Tirupattur,115,30,65,582,101,,18,42,252,1,Respiratory Infection
2024-01-03,Tirupattur,68,32,91,454,126,,15,55,126,1,Respiratory Infection
2024-01-04,Tirupattur,76,35,70,559,124,,14,45,123,1,Respiratory Infection
2024-01-05,Tirupattur,55,30,70,257,73,,12,75,102,1,Cholera
2024-01-06,Tirupattur,49,33,83,181,52,,13,82,107,0,Flu
2024-01-07,Tirupattur,24,34,93,169,29,81.0,11,84,48,0,Flu
2024-01-08,Tirupattur,23,30,66,473,133,,8,53,192,1,Respiratory Infection
2024-01-09,Tirupattur,0,31,87,512,149,,8,49,200,1,Respiratory Infection
2024-01-10,Tirupattur,27,31,90,174,45,,11,83,49,0,Flu
2024-01-11,Tirupattur,98,31,74,556,144,,17,45,118,1,Respiratory Infection
2024-01-12,Tirupattur,124,35,65,103,15,,18,90,55,1,Cholera
2024-01-13,Tirupattur,68,30,72,284,32,,14,72,132,1,Cholera
2024-01-14,Tirupattur,82,32,87,223,66,86.0,16,78,114,1,Dengue
2024-01-15,Tirupattur,81,35,69,507,85,,15,50,205,1,Respiratory Infection
2024-01-16,Tirupattur,118,32,69,539,89,,18,47,207,1,Respiratory Infection
2024-01-17,Tirupattur,61,30,82,337,68,,14,67,111,1,Cholera
2024-01-18,Tirupattur,40,35,72,413,92,,11,59,212,0,Typhoid
2024-01-19,Tirupattur,139,34,94,395,114,,23,61,121,1,Dengue
2024-01-20,Tirupattur,44,32,81,599,165,,12,41,339,1,Respiratory Infection
2024-01-21,Tirupattur,110,30,90,230,64,75.0,20,77,108,1,Dengue
2024-01-22,Tirupattur,42,34,68,318,44,,11,69,106,0,Typhoid
2024-01-23,Tirupattur,19,32,60,288,37,,7,72,61,0,Typhoid
2024-01-24,Tirupattur,0,31,86,217,22,,8,79,120,0,Flu
2024-01-25,Tirupattur,2,30,85,553,162,,8,45,187,1,Respiratory Infection
2024-01-26,Tirupattur,93,30,83,503,108,,17,50,125,1,Dengue
2024-01-27,Tirupattur,0,33,63,471,79,,6,53,137,1,Respiratory Infection
2024-01-28,Tirupattur,128,30,90,182,43,89.0,21,82,100,1,Dengue
2024-01-29,Tirupattur,16,34,91,207,33,,10,80,41,0,Flu
2024-01-30,Tirupattur,63,32,89,286,83,,15,72,108,1,Cholera
2024-01-31,Tirupattur,37,34,62,404,41,,9,60,239,0,Typhoid
2024-02-01,Tirupattur,59,33,90,106,17,,14,90,37,1,Cholera
2024-02-02,Tirupattur,95,35,76,572,75,,17,43,280,1,Respiratory Infection
2024-02-03,Tirupattur,45,32,72,519,96,,11,49,168,1,Respiratory Infection
2024-02-04,Tirupattur,110,32,92,110,19,,20,89,64,1,Dengue
2024-02-05,Tirupattur,94,34,68,491,55,,16,51,284,1,Respiratory Infection
2024-02-06,Tirupattur,44,31,90,440,53,,13,56,260,0,Typhoid
2024-02-07,Tirupattur,26,30,76,252,41,100.0,10,75,127,0,Typhoid
2024-02-08,Tirupattur,133,35,84,130,20,,21,87,29,1,Dengue
2024-02-09,Tirupattur,153,35,63,552,137,,21,45,323,1,Respiratory Infection
2024-02-10,Tirupattur,70,35,81,410,73,,15,59,128,1,Cholera
2024-02-11,Tirupattur,44,32,83,314,79,,12,69,76,0,Typhoid
2024-02-12,Tirupattur,83,32,89,172,42,,17,83,101,1,Dengue
2024-02-13,Tirupattur,34,32,92,186,41,,12,82,45,0,Flu
2024-02-14,Tirupattur,53,31,94,477,135,144.0,14,53,231,1,Respiratory Infection
2024-02-15,Tirupattur,33,31,88,386,81,,12,62,94,0,Typhoid
2024-02-16,Tirupattur,27,34,70,296,46,,9,71,150,0,Typhoid
2024-02-17,Tirupattur,28,30,63,440,65,,9,56,195,0,Typhoid
2024-02-18,Tirupattur,62,32,75,237,44,,13,77,78,1,Cholera
2024-02-19,Tirupattur,39,33,66,253,36,,10,75,113,0,Typhoid
2024-02-20,Tirupattur,131,33,89,321,50,,22,68,184,1,Dengue
2024-02-21,Tirupattur,71,31,82,432,128,208.0,15,57,145,1,Cholera
2024-02-22,Tirupattur,81,31,61,185,40,,14,82,68,1,Cholera
2024-02-23,Tirupattur,47,35,67,487,104,,11,52,120,1,Respiratory Infection
2024-02-24,Tirupattur,80,31,87,453,122,,16,55,198,1,Respiratory Infection
2024-02-25,Tirupattur,79,30,88,293,63,,16,71,97,1,Cholera
2024-02-26,Tirupattur,27,35,83,222,34,,11,78,127,0,Flu
2024-02-27,Tirupattur,115,32,61,171,21,,17,83,64,1,Cholera
2024-02-28,Tirupattur,83,35,81,567,113,121.0,16,44,203,1,Dengue
2024-02-29,Tirupattur,13,34,89,525,104,,10,48,295,1,Respiratory Infection
2024-03-01,Tirupattur,38,35,65,487,107,,10,52,206,1,Respiratory Infection
2024-03-02,Tirupattur,123,30,62,270,52,,18,73,160,1,Cholera
2024-03-03,Tirupattur,67,32,90,569,133,,15,44,168,1,Respiratory Infection
2024-03-04,Tirupattur,141,33,63,512,113,,20,49,138,1,Respiratory Infection
2024-03-05,Tirupattur,27,32,93,459,64,,12,55,104,1,Respiratory Infection
2024-03-06,Tirupattur,48,30,61,338,89,,10,67,123,0,Typhoid
2024-03-07,Tirupattur,49,33,66,367,53,113.0,11,64,111,0,Typhoid
2024-03-08,Tirupattur,101,34,81,489,54,,18,52,197,1,Dengue
2024-03-09,Tirupattur,59,35,61,202,56,,12,80,60,1,Cholera
2024-03-10,Tirupattur,73,33,80,540,114,,15,46,259,1,Respiratory Infection
2024-03-11,Tirupattur,126,34,63,355,51,,18,65,151,1,Cholera
2024-03-12,Tirupattur,76,32,88,169,34,,16,84,87,1,Cholera
2024-03-13,Tirupattur,65,32,92,418,96,,15,59,197,1,Cholera
2024-03-14,Tirupattur,105,35,92,352,54,116.0,19,65,178,1,Dengue
2024-03-15,Tirupattur,32,35,72,582,68,,10,42,348,1,Respiratory Infection
2024-03-16,Tirupattur,97,35,62,378,91,,15,63,79,1,Cholera
2024-03-17,Tirupattur,0,30,83,391,102,,8,61,186,0,Typhoid
2024-03-18,Tirupattur,69,33,78,395,68,,14,61,196,1,Cholera
2024-03-19,Tirupattur,86,31,62,266,54,,14,74,108,1,Cholera
2024-03-20,Tirupattur,66,35,84,459,46,,15,55,218,1,Respiratory Infection
2024-03-21,Tirupattur,102,33,81,485,90,167.0,18,52,208,1,Dengue
2024-03-22,Tirupattur,39,30,85,348,63,,12,66,111,0,Typhoid
2024-03-23,Tirupattur,33,33,77,114,16,,11,89,33,0,Flu
2024-03-24,Tirupattur,12,30,94,470,112,,10,53,180,1,Respiratory Infection
2024-03-25,Tirupattur,21,33,92,145,40,,11,86,47,0,Flu
2024-03-26,Tirupattur,107,31,71,391,101,,17,61,145,1,Cholera
2024-03-27,Tirupattur,84,33,81,249,62,,16,76,110,1,Dengue
2024-03-28,Tirupattur,107,33,75,336,61,125.0,18,67,196,1,Cholera
2024-03-29,Tirupattur,26,35,89,161,44,,11,84,48,0,Flu
2024-03-30,Tirupattur,63,35,72,555,109,,13,45,291,1,Respiratory Infection
2024-03-31,Tirupattur,0,30,94,167,31,,9,84,91,0,Flu
2024-04-01,Tirupattur,67,34,60,241,32,,12,76,98,1,Cholera
2024-04-02,Tirupattur,40,33,90,426,127,,13,58,249,0,Typhoid
2024-04-03,Tirupattur,77,35,74,309,91,,15,70,168,1,Cholera
2024-04-04,Tirupattur,64,35,89,582,162,,15,42,281,1,Respiratory Infection
2024-04-05,Tirupattur,19,33,75,312,50,,9,69,97,0,Typhoid
2024-04-06,Tirupattur,79,32,64,406,78,,14,60,155,1,Cholera
2024-04-07,Tirupattur,61,35,80,125,16,54.0,14,88,33,1,Cholera
2024-04-08,Tirupattur,81,35,78,269,46,,15,74,55,1,Cholera
2024-04-09,Tirupattur,0,31,64,105,13,,6,90,30,0,Flu
2024-04-10,Tirupattur,37,33,92,510,79,,12,49,294,1,Respiratory Infection
2024-04-11,Tirupattur,38,35,77,114,13,,11,89,63,0,Flu
2024-04-12,Tirupattur,28,32,93,377,81,,12,63,101,0,Typhoid
2024-04-13,Tirupattur,5,31,81,211,35,,8,79,104,0,Flu
2024-04-14,Tirupattur,101,31,92,199,59,73.0,19,81,83,1,Dengue
2024-04-15,Tirupattur,33,33,76,521,105,,10,48,277,1,Respiratory Infection
2024-04-16,Tirupattur,95,30,74,157,29,,16,85,52,1,Cholera
2024-04-17,Tirupattur,167,33,93,101,25,,26,90,49,1,Dengue
2024-04-18,Tirupattur,109,34,94,482,99,,20,52,203,1,Dengue
2024-04-19,Tirupattur,62,30,78,252,28,,14,75,55,1,Cholera
2024-04-20,Tirupattur,47,32,68,324,92,,11,68,186,0,Typhoid
2024-04-21,Tirupattur,94,34,85,252,70,70.0,17,75,135,1,Dengue
2024-04-22,Tirupattur,40,34,60,557,85,,10,45,169,1,Respiratory Infection
2024-04-23,Tirupattur,119,34,68,485,132,,18,52,272,1,Respiratory Infection
2024-04-24,Tirupattur,0,35,63,160,44,,6,84,69,0,Flu
2024-04-25,Tirupattur,43,33,68,452,106,,11,55,257,1,Respiratory Infection
2024-04-26,Tirupattur,72,35,76,295,67,,14,71,140,1,Cholera
2024-04-27,Tirupattur,26,35,68,465,70,,9,54,207,1,Respiratory Infection
2024-04-28,Tirupattur,91,31,88,287,79,67.0,17,72,81,1,Dengue
2024-04-29,Tirupattur,123,35,73,159,43,,19,85,94,1,Cholera
2024-01-01,Chengalpattu,89,32,86,107,13,,17,90,36,1,Dengue
2024-01-02,Chengalpattu,31,32,81,550,132,,11,45,280,1,Respiratory Infection
2024-01-03,Chengalpattu,50,30,79,504,65,,12,50,163,1,Respiratory Infection
2024-01-04,Chengalpattu,41,29,78,124,30,,11,88,63,0,Flu
2024-01-05,Chengalpattu,112,29,91,443,55,,20,56,199,1,Dengue
2024-01-06,Chengalpattu,34,33,80,523,121,,11,48,227,1,Respiratory Infection
2024-01-07,Chengalpattu,74,28,66,433,112,208.0,14,57,168,1,Cholera
2024-01-08,Chengalpattu,61,33,77,411,108,,13,59,142,1,Cholera
2024-01-09,Chengalpattu,56,32,82,583,121,,13,42,267,1,Respiratory Infection
2024-01-10,Chengalpattu,116,28,73,335,53,,18,67,175,1,Cholera
2024-01-11,Chengalpattu,98,31,74,183,30,,17,82,75,1,Cholera
2024-01-12,Chengalpattu,108,28,90,176,43,,19,83,37,1,Dengue
2024-01-13,Chengalpattu,120,29,82,466,128,,20,54,238,1,Dengue
2024-01-14,Chengalpattu,51,32,66,290,55,73.0,11,71,74,1,Cholera
2024-01-15,Chengalpattu,74,33,75,230,60,,14,77,59,1,Cholera
2024-01-16,Chengalpattu,27,31,68,509,76,,9,50,136,1,Respiratory Infection
2024-01-17,Chengalpattu,0,28,75,217,47,,7,79,122,0,Flu
2024-01-18,Chengalpattu,42,33,75,272,42,,11,73,150,0,Typhoid
2024-01-19,Chengalpattu,24,33,74,330,79,,9,67,149,0,Typhoid
2024-01-20,Chengalpattu,138,30,87,448,113,,22,56,155,1,Dengue
2024-01-21,Chengalpattu,97,33,62,244,53,75.0,15,76,136,1,Cholera
2024-01-22,Chengalpattu,173,30,88,420,87,,26,58,125,1,Dengue
2024-01-23,Chengalpattu,39,28,77,120,27,,11,88,52,0,Flu
2024-01-24,Chengalpattu,103,33,66,443,66,,16,56,242,1,Cholera
2024-01-25,Chengalpattu,119,33,85,553,94,,20,45,312,1,Dengue
2024-01-26,Chengalpattu,18,31,76,117,14,,9,89,35,0,Flu
2024-01-27,Chengalpattu,40,29,83,223,51,,12,78,84,0,Flu
2024-01-28,Chengalpattu,30,28,67,546,109,166.0,9,46,143,1,Respiratory Infection
2024-01-29,Chengalpattu,51,31,84,120,21,,13,88,46,1,Cholera
2024-01-30,Chengalpattu,32,33,92,237,50,,12,77,135,0,Flu
2024-01-31,Chengalpattu,41,32,64,462,61,,10,54,246,1,Respiratory Infection
2024-02-01,Chengalpattu,44,28,77,306,69,,12,70,154,0,Typhoid
2024-02-02,Chengalpattu,116,29,67,354,69,,18,65,184,1,Cholera
2024-02-03,Chengalpattu,53,30,91,463,117,,14,54,180,1,Respiratory Infection
2024-02-04,Chengalpattu,80,33,77,501,75,,15,50,257,1,Respiratory Infection
2024-02-05,Chengalpattu,87,28,71,216,39,,15,79,126,1,Cholera
2024-02-06,Chengalpattu,18,29,64,270,49,,8,73,145,0,Typhoid
2024-02-07,Chengalpattu,61,28,82,287,32,133.0,14,72,90,1,Cholera
2024-02-08,Chengalpattu,106,29,73,155,35,,17,85,91,1,Cholera
2024-02-09,Chengalpattu,107,33,85,246,69,,19,76,59,1,Dengue
2024-02-10,Chengalpattu,13,33,69,490,136,,8,51,213,1,Respiratory Infection
2024-02-11,Chengalpattu,81,28,86,321,35,,16,68,118,1,Dengue
2024-02-12,Chengalpattu,34,29,62,316,56,,9,69,113,0,Typhoid
2024-02-13,Chengalpattu,76,30,88,233,54,,16,77,48,1,Cholera
2024-02-14,Chengalpattu,99,33,75,333,96,124.0,17,67,133,1,Cholera
2024-02-15,Chengalpattu,77,29,72,502,141,,14,50,237,1,Respiratory Infection
2024-02-16,Chengalpattu,45,30,78,359,88,,12,65,107,0,Typhoid
2024-02-17,Chengalpattu,60,29,80,589,77,,14,42,341,1,Respiratory Infection
2024-02-18,Chengalpattu,51,31,71,322,60,,12,68,139,1,Cholera
2024-02-19,Chengalpattu,68,31,78,239,70,,14,77,105,1,Cholera
2024-02-20,Chengalpattu,47,28,75,334,40,,12,67,72,0,Typhoid
2024-02-21,Chengalpattu,48,32,63,196,26,79.0,11,81,43,0,Flu
2024-02-22,Chengalpattu,104,31,84,371,106,,18,63,104,1,Dengue
2024-02-23,Chengalpattu,39,29,88,171,33,,12,83,62,0,Flu
2024-02-24,Chengalpattu,35,30,88,425,67,,12,58,111,0,Typhoid
2024-02-25,Chengalpattu,62,32,79,490,138,,14,51,292,1,Respiratory Infection
2024-02-26,Chengalpattu,78,31,78,417,112,,15,59,155,1,Cholera
2024-02-27,Chengalpattu,83,30,70,123,12,,15,88,57,1,Cholera
2024-02-28,Chengalpattu,37,33,93,359,54,130.0,13,65,127,0,Typhoid
2024-02-29,Chengalpattu,79,28,65,399,112,,14,61,127,1,Cholera
2024-03-01,Chengalpattu,0,33,90,538,86,,9,47,129,1,Respiratory Infection
2024-03-02,Chengalpattu,129,31,81,242,41,,21,76,140,1,Dengue
2024-03-03,Chengalpattu,101,30,86,333,93,,18,67,171,1,Dengue
2024-03-04,Chengalpattu,11,28,93,496,82,,10,51,251,1,Respiratory Infection
2024-03-05,Chengalpattu,91,28,79,147,33,,17,86,85,1,Cholera
2024-03-06,Chengalpattu,51,31,65,287,61,,11,72,138,1,Cholera
2024-03-07,Chengalpattu,26,28,85,331,62,98.0,11,67,171,0,Typhoid
2024-03-08,Chengalpattu,22,31,79,113,29,,10,89,38,0,Flu
2024-03-09,Chengalpattu,27,28,77,503,145,,10,50,134,1,Respiratory Infection
2024-03-10,Chengalpattu,78,29,60,403,101,,13,60,88,1,Cholera
2024-03-11,Chengalpattu,35,30,71,442,44,,10,56,220,0,Typhoid
2024-03-12,Chengalpattu,95,32,67,126,25,,16,88,69,1,Cholera
2024-03-13,Chengalpattu,92,32,62,257,44,,15,75,131,1,Cholera
2024-03-14,Chengalpattu,21,33,63,448,71,99.0,8,56,191,0,Typhoid
2024-03-15,Chengalpattu,73,28,64,177,36,,13,83,40,1,Cholera
2024-03-16,Chengalpattu,45,29,93,400,110,,13,60,187,0,Typhoid
2024-03-17,Chengalpattu,101,33,91,282,58,,19,72,106,1,Dengue
2024-03-18,Chengalpattu,75,28,73,527,68,,14,48,160,1,Respiratory Infection
2024-03-19,Chengalpattu,47,32,61,371,44,,10,63,107,0,Typhoid
2024-03-20,Chengalpattu,85,33,73,136,29,,15,87,67,1,Cholera
2024-03-21,Chengalpattu,0,33,87,107,14,33.0,8,90,30,0,Flu
2024-03-22,Chengalpattu,35,31,67,485,145,,10,52,127,1,Respiratory Infection
2024-03-23,Chengalpattu,60,32,64,572,137,,12,43,145,1,Respiratory Infection
2024-03-24,Chengalpattu,50,29,68,398,87,,11,61,162,0,Typhoid
2024-03-25,Chengalpattu,99,31,76,371,68,,17,63,199,1,Cholera
2024-03-26,Chengalpattu,41,28,69,248,56,,11,76,52,0,Flu
2024-03-27,Chengalpattu,41,30,72,115,17,,11,89,25,0,Flu
2024-03-28,Chengalpattu,101,28,83,216,32,68.0,18,79,121,1,Dengue
2024-03-29,Chengalpattu,66,31,80,113,21,,14,89,62,1,Cholera
2024-03-30,Chengalpattu,8,29,68,512,52,,7,49,226,1,Respiratory Infection
2024-03-31,Chengalpattu,70,28,73,367,89,,14,64,132,1,Cholera
2024-04-01,Chengalpattu,5,31,81,130,33,,8,87,27,0,Flu
2024-04-02,Chengalpattu,75,28,86,109,13,,16,90,34,1,Cholera
2024-04-03,Chengalpattu,15,30,94,187,26,,10,82,58,0,Flu
2024-04-04,Chengalpattu,125,32,68,186,52,,19,82,69,1,Cholera
2024-04-05,Chengalpattu,90,28,73,172,24,,16,83,53,1,Cholera
2024-04-06,Chengalpattu,70,32,66,595,162,,13,41,217,1,Respiratory Infection
2024-04-07,Chengalpattu,55,31,77,333,86,137.0,13,67,192,1,Cholera
2024-04-08,Chengalpattu,49,31,92,176,50,,14,83,74,0,Flu
2024-04-09,Chengalpattu,26,30,80,309,33,,10,70,146,0,Typhoid
2024-04-10,Chengalpattu,23,28,80,411,81,,10,59,199,0,Typhoid
2024-04-11,Chengalpattu,63,31,83,289,30,,14,72,164,1,Cholera
2024-04-12,Chengalpattu,56,31,65,157,27,,12,85,73,1,Cholera
2024-04-13,Chengalpattu,56,31,68,244,65,,12,76,135,1,Cholera
2024-04-14,Chengalpattu,98,32,91,599,138,123.0,18,41,256,1,Dengue
2024-04-15,Chengalpattu,62,29,78,576,135,,14,43,238,1,Respiratory Infection
2024-04-16,Chengalpattu,38,31,70,510,121,,10,49,109,1,Respiratory Infection
2024-04-17,Chengalpattu,96,31,62,412,105,,15,59,144,1,Cholera
2024-04-18,Chengalpattu,0,30,74,557,60,,7,45,167,1,Respiratory Infection
2024-04-19,Chengalpattu,76,30,78,467,119,,15,54,150,1,Respiratory Infection
2024-04-20,Chengalpattu,49,30,64,267,31,,11,74,108,0,Typhoid
2024-04-21,Chengalpattu,53,33,60,153,32,55.0,11,85,60,1,Cholera
2024-04-22,Chengalpattu,48,29,86,500,65,,13,50,201,1,Respiratory Infection
2024-04-23,Chengalpattu,10,29,85,553,120,,9,45,245,1,Respiratory Infection
2024-04-24,Chengalpattu,86,29,61,330,35,,14,67,163,1,Cholera
2024-04-25,Chengalpattu,21,28,76,251,45,,9,75,150,0,Typhoid
2024-04-26,Chengalpattu,36,33,69,451,130,,10,55,247,1,Respiratory Infection
2024-04-27,Chengalpattu,38,33,92,359,40,,13,65,137,0,Typhoid
2024-04-28,Chengalpattu,160,30,78,129,18,53.0,23,88,66,1,Cholera
2024-04-29,Chengalpattu,64,29,82,430,52,,14,57,192,1,Cholera
2024-01-01,Kallakurichi,0,33,77,422,67,,7,58,121,0,Typhoid
2024-01-02,Kallakurichi,0,33,78,210,41,,7,79,54,0,Flu
2024-01-03,Kallakurichi,76,34,75,584,144,,15,42,206,1,Respiratory Infection
2024-01-04,Kallakurichi,31,32,87,561,120,,11,44,119,1,Respiratory Infection
2024-01-05,Kallakurichi,131,31,93,295,80,,22,71,64,1,Dengue
2024-01-06,Kallakurichi,40,32,76,269,47,,11,74,130,0,Typhoid
2024-01-07,Kallakurichi,19,33,67,421,70,88.0,8,58,126,0,Typhoid
2024-01-08,Kallakurichi,45,34,87,334,77,,13,67,167,0,Typhoid
2024-01-09,Kallakurichi,13,31,73,519,137,,8,49,176,1,Respiratory Infection
2024-01-10,Kallakurichi,32,34,82,173,21,,11,83,74,0,Flu
2024-01-11,Kallakurichi,81,30,61,457,125,,14,55,239,1,Respiratory Infection
2024-01-12,Kallakurichi,46,33,94,289,60,,14,72,83,0,Typhoid
2024-01-13,Kallakurichi,60,31,93,598,70,,15,41,172,1,Respiratory Infection
2024-01-14,Kallakurichi,56,33,78,546,117,195.0,13,46,146,1,Respiratory Infection
2024-01-15,Kallakurichi,70,32,83,553,81,,15,45,121,1,Respiratory Infection
2024-01-16,Kallakurichi,99,30,90,273,70,,18,73,65,1,Dengue
2024-01-17,Kallakurichi,0,31,84,512,115,,8,49,265,1,Respiratory Infection
2024-01-18,Kallakurichi,72,32,81,551,87,,15,45,147,1,Respiratory Infection
2024-01-19,Kallakurichi,127,29,64,127,23,,19,88,68,1,Cholera
2024-01-20,Kallakurichi,33,33,88,367,108,,12,64,149,0,Typhoid
2024-01-21,Kallakurichi,27,33,77,431,63,127.0,10,57,211,0,Typhoid
2024-01-22,Kallakurichi,119,29,87,181,22,,20,82,45,1,Dengue
2024-01-23,Kallakurichi,78,33,83,298,67,,16,71,65,1,Cholera
2024-01-24,Kallakurichi,0,33,82,338,73,,8,67,124,0,Typhoid
2024-01-25,Kallakurichi,44,32,68,342,81,,11,66,162,0,Typhoid
2024-01-26,Kallakurichi,100,31,61,524,67,,16,48,282,1,Respiratory Infection
2024-01-27,Kallakurichi,35,32,91,413,59,,12,59,124,0,Typhoid
2024-01-28,Kallakurichi,56,34,60,290,30,144.0,11,71,100,1,Cholera
2024-01-29,Kallakurichi,19,32,75,294,72,,9,71,132,0,Typhoid
2024-01-30,Kallakurichi,110,29,73,399,112,,18,61,228,1,Cholera
2024-01-31,Kallakurichi,101,31,79,547,138,,18,46,324,1,Respiratory Infection
2024-02-01,Kallakurichi,65,32,71,192,41,,13,81,39,1,Cholera
2024-02-02,Kallakurichi,1,31,85,364,87,,8,64,98,0,Typhoid
2024-02-03,Kallakurichi,0,34,87,280,61,,8,72,81,0,Typhoid
2024-02-04,Kallakurichi,27,31,75,156,23,,10,85,67,0,Flu
2024-02-05,Kallakurichi,81,31,74,525,84,,15,48,116,1,Respiratory Infection
2024-02-06,Kallakurichi,13,29,93,192,52,,10,81,65,0,Flu
2024-02-07,Kallakurichi,42,31,65,143,34,40.0,10,86,77,0,Flu
2024-02-08,Kallakurichi,41,32,76,279,31,,11,73,158,0,Typhoid
2024-02-09,Kallakurichi,0,34,71,480,56,,7,52,140,1,Respiratory Infection
2024-02-10,Kallakurichi,59,34,87,484,82,,14,52,196,1,Respiratory Infection
2024-02-11,Kallakurichi,102,31,63,115,15,,16,89,32,1,Cholera
2024-02-12,Kallakurichi,121,33,79,451,77,,20,55,150,1,Respiratory Infection
2024-02-13,Kallakurichi,127,33,88,544,125,,21,46,317,1,Dengue
2024-02-14,Kallakurichi,41,34,88,555,92,263.0,12,45,285,1,Respiratory Infection
2024-02-15,Kallakurichi,13,29,63,288,48,,7,72,77,0,Typhoid
2024-02-16,Kallakurichi,73,31,86,454,88,,15,55,239,1,Respiratory Infection
2024-02-17,Kallakurichi,153,33,67,523,140,,22,48,148,1,Respiratory Infection
2024-02-18,Kallakurichi,0,30,70,562,90,,7,44,187,1,Respiratory Infection
2024-02-19,Kallakurichi,113,31,61,156,43,,17,85,76,1,Cholera
2024-02-20,Kallakurichi,29,30,80,524,115,,10,48,112,1,Respiratory Infection
2024-02-21,Kallakurichi,70,29,79,267,47,89.0,14,74,73,1,Cholera
2024-02-22,Kallakurichi,38,34,80,390,112,,11,61,83,0,Typhoid
2024-02-23,Kallakurichi,102,30,75,101,22,,17,90,49,1,Cholera
2024-02-24,Kallakurichi,78,33,64,356,86,,14,65,111,1,Cholera
2024-02-25,Kallakurichi,104,34,67,424,71,,17,58,164,1,Cholera
2024-02-26,Kallakurichi,43,31,78,521,80,,12,48,296,1,Respiratory Infection
2024-02-27,Kallakurichi,11,32,60,510,142,,7,49,246,1,Respiratory Infection
2024-02-28,Kallakurichi,30,34,80,248,56,89.0,11,76,103,0,Flu
2024-02-29,Kallakurichi,86,32,89,196,35,,17,81,47,1,Dengue
2024-03-01,Kallakurichi,75,33,67,526,84,,14,48,241,1,Respiratory Infection
2024-03-02,Kallakurichi,48,29,67,146,16,,11,86,40,0,Flu
2024-03-03,Kallakurichi,44,31,62,591,129,,10,41,324,1,Respiratory Infection
2024-03-04,Kallakurichi,61,32,88,168,19,,14,84,47,1,Cholera
2024-03-05,Kallakurichi,62,33,64,103,16,,12,90,26,1,Cholera
2024-03-06,Kallakurichi,131,31,65,590,109,,19,41,295,1,Respiratory Infection
2024-03-07,Kallakurichi,130,32,84,453,108,163.0,21,55,168,1,Dengue
2024-03-08,Kallakurichi,103,32,66,444,93,,16,56,204,1,Cholera
2024-03-09,Kallakurichi,55,29,83,138,20,,13,87,46,1,Cholera
2024-03-10,Kallakurichi,38,29,78,387,49,,11,62,158,0,Typhoid
2024-03-11,Kallakurichi,106,31,60,471,99,,16,53,270,1,Respiratory Infection
2024-03-12,Kallakurichi,74,30,65,526,126,,13,48,221,1,Respiratory Infection
2024-03-13,Kallakurichi,52,32,76,153,29,,12,85,66,1,Cholera
2024-03-14,Kallakurichi,69,34,80,406,82,174.0,14,60,105,1,Cholera
2024-03-15,Kallakurichi,27,32,65,480,54,,9,52,226,1,Respiratory Infection
2024-03-16,Kallakurichi,137,32,89,137,27,,22,87,55,1,Dengue
2024-03-17,Kallakurichi,85,31,74,242,53,,15,76,53,1,Cholera
2024-03-18,Kallakurichi,77,34,74,209,57,,15,80,114,1,Cholera
2024-03-19,Kallakurichi,87,34,73,445,122,,16,56,168,1,Cholera
2024-03-20,Kallakurichi,51,34,60,343,100,,11,66,131,1,Cholera
2024-03-21,Kallakurichi,22,30,67,539,135,250.0,8,47,139,1,Respiratory Infection
2024-03-22,Kallakurichi,189,29,73,523,130,,26,48,276,1,Respiratory Infection
2024-03-23,Kallakurichi,126,32,75,594,61,,20,41,291,1,Respiratory Infection
2024-03-24,Kallakurichi,2,29,64,227,52,,6,78,122,0,Flu
2024-03-25,Kallakurichi,0,33,81,312,84,,8,69,166,0,Typhoid
2024-03-26,Kallakurichi,34,33,93,430,110,,12,57,110,0,Typhoid
2024-03-27,Kallakurichi,60,29,83,392,109,,14,61,132,1,Cholera
2024-03-28,Kallakurichi,61,32,76,151,37,61.0,13,85,31,1,Cholera
2024-03-29,Kallakurichi,31,33,85,594,120,,11,41,310,1,Respiratory Infection
2024-03-30,Kallakurichi,110,34,74,255,49,,18,75,60,1,Cholera
2024-03-31,Kallakurichi,81,29,62,390,97,,14,61,190,1,Cholera
2024-04-01,Kallakurichi,3,30,90,103,14,,9,90,21,0,Flu
2024-04-02,Kallakurichi,53,32,73,429,43,,12,58,130,1,Cholera
2024-04-03,Kallakurichi,129,31,94,282,33,,22,72,79,1,Dengue
2024-04-04,Kallakurichi,107,33,86,500,125,,19,50,168,1,Dengue
2024-04-05,Kallakurichi,63,29,71,466,69,,13,54,108,1,Respiratory Infection
2024-04-06,Kallakurichi,110,33,82,414,43,,19,59,166,1,Dengue
2024-04-07,Kallakurichi,56,31,93,490,131,229.0,14,51,129,1,Respiratory Infection
2024-04-08,Kallakurichi,65,31,75,549,61,,14,46,321,1,Respiratory Infection
2024-04-09,Kallakurichi,43,33,75,329,82,,11,68,176,0,Typhoid
2024-04-10,Kallakurichi,99,34,83,243,30,,18,76,138,1,Dengue
2024-04-11,Kallakurichi,59,31,64,510,127,,12,49,150,1,Respiratory Infection
2024-04-12,Kallakurichi,32,30,89,338,63,,12,67,150,0,Typhoid
2024-04-13,Kallakurichi,16,29,80,551,101,,9,45,239,1,Respiratory Infection
2024-04-14,Kallakurichi,109,29,89,389,41,119.0,19,62,147,1,Dengue
2024-04-15,Kallakurichi,145,31,73,433,111,,21,57,116,1,Cholera
2024-04-16,Kallakurichi,104,33,89,599,177,,19,41,132,1,Dengue
2024-04-17,Kallakurichi,29,33,71,477,105,,10,53,188,1,Respiratory Infection
2024-04-18,Kallakurichi,13,32,87,418,113,,10,59,156,0,Typhoid
2024-04-19,Kallakurichi,104,34,61,226,30,,16,78,111,1,Cholera
2024-04-20,Kallakurichi,105,29,87,462,63,,19,54,249,1,Dengue
2024-04-21,Kallakurichi,42,29,60,173,27,70.0,10,83,83,0,Flu
2024-04-22,Kallakurichi,36,30,60,468,104,,9,54,198,1,Respiratory Infection
2024-04-23,Kallakurichi,119,34,67,452,129,,18,55,259,1,Respiratory Infection
2024-04-24,Kallakurichi,56,30,61,341,48,,11,66,100,1,Cholera
2024-04-25,Kallakurichi,5,31,70,381,44,,7,62,172,0,Typhoid
2024-04-26,Kallakurichi,32,30,67,349,98,,9,66,153,0,Typhoid
2024-04-27,Kallakurichi,0,34,63,212,28,,6,79,57,0,Flu
2024-04-28,Kallakurichi,0,33,69,161,20,60.0,6,84,76,0,Flu
2024-04-29,Kallakurichi,82,33,63,224,30,,14,78,46,1,Cholera
2024-01-01,Villupuram,0,30,84,321,91,,8,68,146,0,Typhoid
2024-01-02,Villupuram,56,31,72,138,16,,12,87,81,1,Cholera
2024-01-03,Villupuram,90,31,60,386,107,,15,62,213,1,Cholera
2024-01-04,Villupuram,0,27,69,456,128,,6,55,106,1,Respiratory Infection
2024-01-05,Villupuram,65,30,87,255,72,,15,75,60,1,Cholera
2024-01-06,Villupuram,69,26,73,140,20,,14,86,38,1,Cholera
2024-01-07,Villupuram,79,31,78,104,24,30.0,15,90,55,1,Cholera
2024-01-08,Villupuram,92,27,90,203,27,,18,80,70,1,Dengue
2024-01-09,Villupuram,72,28,81,438,77,,15,57,114,1,Cholera
2024-01-10,Villupuram,42,26,88,372,65,,13,63,100,0,Typhoid
2024-01-11,Villupuram,82,27,77,188,28,,15,82,85,1,Cholera
2024-01-12,Villupuram,78,26,91,435,108,,16,57,139,1,Cholera
2024-01-13,Villupuram,62,31,88,563,114,,15,44,204,1,Respiratory Infection
2024-01-14,Villupuram,130,28,61,122,27,44.0,19,88,28,1,Cholera
2024-01-15,Villupuram,93,30,94,295,67,,18,71,139,1,Dengue
2024-01-16,Villupuram,111,30,79,479,59,,19,53,165,1,Respiratory Infection
2024-01-17,Villupuram,91,31,66,103,10,,15,90,54,1,Cholera
2024-01-18,Villupuram,45,26,76,504,86,,12,50,229,1,Respiratory Infection
2024-01-19,Villupuram,179,31,84,431,82,,26,57,219,1,Dengue
2024-01-20,Villupuram,81,27,93,358,37,,17,65,123,1,Dengue
2024-01-21,Villupuram,0,30,77,570,134,202.0,7,43,116,1,Respiratory Infection
2024-01-22,Villupuram,77,31,74,488,100,,15,52,104,1,Respiratory Infection
2024-01-23,Villupuram,37,30,87,507,123,,12,50,220,1,Respiratory Infection
2024-01-24,Villupuram,72,28,80,560,107,,15,44,211,1,Respiratory Infection
2024-01-25,Villupuram,72,26,79,222,23,,15,78,93,1,Cholera
2024-01-26,Villupuram,129,27,82,307,43,,21,70,174,1,Dengue
2024-01-27,Villupuram,92,30,71,399,106,,16,61,195,1,Cholera
2024-01-28,Villupuram,78,28,85,512,152,174.0,16,49,182,1,Respiratory Infection
2024-01-29,Villupuram,80,26,74,214,51,,15,79,91,1,Cholera
2024-01-30,Villupuram,70,26,94,455,117,,16,55,165,1,Respiratory Infection
2024-01-31,Villupuram,60,29,89,392,102,,14,61,229,1,Cholera
2024-02-01,Villupuram,92,27,89,599,82,,18,41,217,1,Dengue
2024-02-02,Villupuram,107,27,71,433,57,,17,57,190,1,Cholera
2024-02-03,Villupuram,66,31,81,369,81,,14,64,206,1,Cholera
2024-02-04,Villupuram,26,26,79,217,53,,10,79,123,0,Flu
2024-02-05,Villupuram,21,28,80,113,29,,10,89,53,0,Flu
2024-02-06,Villupuram,152,26,89,192,20,,24,81,80,1,Dengue
2024-02-07,Villupuram,113,29,89,333,36,122.0,20,67,116,1,Dengue
2024-02-08,Villupuram,62,27,72,123,19,,13,88,51,1,Cholera
2024-02-09,Villupuram,104,28,60,503,148,,16,50,222,1,Respiratory Infection
2024-02-10,Villupuram,33,31,91,319,60,,12,69,116,0,Typhoid
2024-02-11,Villupuram,86,27,87,221,54,,17,78,78,1,Dengue
2024-02-12,Villupuram,106,30,86,432,117,,19,57,143,1,Dengue
2024-02-13,Villupuram,165,26,60,377,51,,22,63,190,1,Cholera
2024-02-14,Villupuram,61,29,78,135,19,35.0,13,87,45,1,Cholera
2024-02-15,Villupuram,23,31,63,248,48,,8,76,147,0,Flu
2024-02-16,Villupuram,87,28,60,496,51,,14,51,220,1,Respiratory Infection
2024-02-17,Villupuram,131,27,79,298,47,,21,71,149,1,Cholera
2024-02-18,Villupuram,27,31,92,100,27,,11,90,49,0,Flu
2024-02-19,Villupuram,61,27,90,409,104,,15,60,132,1,Cholera
2024-02-20,Villupuram,30,30,63,188,50,,9,82,89,0,Flu
2024-02-21,Villupuram,52,28,72,295,40,71.0,12,71,172,1,Cholera
2024-02-22,Villupuram,129,28,91,593,160,,22,41,354,1,Dengue
2024-02-23,Villupuram,98,26,86,511,70,,18,49,193,1,Dengue
2024-02-24,Villupuram,25,30,75,291,65,,10,71,148,0,Typhoid
2024-02-25,Villupuram,47,26,94,295,86,,14,71,79,0,Typhoid
2024-02-26,Villupuram,0,26,72,142,18,,7,86,34,0,Flu
2024-02-27,Villupuram,80,27,89,383,48,,16,62,98,1,Cholera
2024-02-28,Villupuram,74,29,65,220,42,59.0,13,78,94,1,Cholera
2024-02-29,Villupuram,70,31,63,538,146,,13,47,276,1,Respiratory Infection
2024-03-01,Villupuram,108,26,67,169,43,,17,84,87,1,Cholera
2024-03-02,Villupuram,103,26,70,446,54,,17,56,234,1,Cholera
2024-03-03,Villupuram,62,29,74,500,138,,13,50,109,1,Respiratory Infection
2024-03-04,Villupuram,16,30,88,235,39,,10,77,114,0,Flu
2024-03-05,Villupuram,90,26,91,468,73,,18,54,191,1,Dengue
2024-03-06,Villupuram,88,30,74,481,74,,16,52,210,1,Respiratory Infection
2024-03-07,Villupuram,48,27,60,403,103,178.0,10,60,133,0,Typhoid
2024-03-08,Villupuram,18,27,92,297,33,,11,71,97,0,Typhoid
2024-03-09,Villupuram,54,31,73,550,55,,12,45,149,1,Respiratory Infection
2024-03-10,Villupuram,53,26,61,587,152,,11,42,117,1,Respiratory Infection
2024-03-11,Villupuram,27,28,83,539,115,,11,47,216,1,Respiratory Infection
2024-03-12,Villupuram,85,29,61,358,49,,14,65,80,1,Cholera
2024-03-13,Villupuram,42,30,67,329,65,,10,68,67,0,Typhoid
2024-03-14,Villupuram,49,27,93,489,75,198.0,14,52,200,1,Respiratory Infection
2024-03-15,Villupuram,31,28,65,546,122,,9,46,311,1,Respiratory Infection
2024-03-16,Villupuram,5,26,93,393,72,,9,61,217,0,Typhoid
2024-03-17,Villupuram,11,29,74,377,112,,8,63,76,0,Typhoid
2024-03-18,Villupuram,37,29,66,183,53,,10,82,42,0,Flu
2024-03-19,Villupuram,74,26,69,446,121,,14,56,231,1,Cholera
2024-03-20,Villupuram,47,31,71,536,111,,11,47,206,1,Respiratory Infection
2024-03-21,Villupuram,12,31,77,109,22,45.0,8,90,43,0,Flu
2024-03-22,Villupuram,89,26,65,409,74,,15,60,217,1,Cholera
2024-03-23,Villupuram,50,26,80,208,27,,13,80,71,0,Flu
2024-03-24,Villupuram,34,26,66,578,123,,10,43,169,1,Respiratory Infection
2024-03-25,Villupuram,25,27,78,385,94,,10,62,177,0,Typhoid
2024-03-26,Villupuram,83,26,86,335,98,,16,67,89,1,Dengue
2024-03-27,Villupuram,72,31,73,128,36,,14,88,38,1,Cholera
2024-03-28,Villupuram,94,29,86,433,57,125.0,18,57,254,1,Dengue
2024-03-29,Villupuram,1,31,82,444,85,,8,56,187,0,Typhoid
2024-03-30,Villupuram,42,26,78,281,56,,12,72,121,0,Typhoid
2024-03-31,Villupuram,50,26,74,328,43,,12,68,123,0,Typhoid
2024-04-01,Villupuram,0,30,88,277,50,,8,73,70,0,Typhoid
2024-04-02,Villupuram,44,26,68,411,66,,11,59,211,0,Typhoid
2024-04-03,Villupuram,14,28,83,346,56,,9,66,194,0,Typhoid
2024-04-04,Villupuram,14,31,79,204,60,,9,80,121,0,Flu
2024-04-05,Villupuram,78,27,85,541,149,,16,46,246,1,Respiratory Infection
2024-04-06,Villupuram,121,26,84,540,73,,20,46,115,1,Dengue
2024-04-07,Villupuram,59,31,81,328,70,74.0,14,68,172,1,Cholera
2024-04-08,Villupuram,117,29,64,426,112,,18,58,212,1,Cholera
2024-04-09,Villupuram,152,26,93,527,131,,24,48,214,1,Dengue
2024-04-10,Villupuram,24,27,78,462,66,,10,54,110,1,Respiratory Infection
2024-04-11,Villupuram,115,26,83,305,48,,19,70,138,1,Dengue
2024-04-12,Villupuram,88,27,67,200,39,,15,80,61,1,Cholera
2024-04-13,Villupuram,76,29,84,202,47,,16,80,52,1,Cholera
2024-04-14,Villupuram,135,29,60,422,48,126.0,19,58,162,1,Cholera
2024-04-15,Villupuram,31,27,66,236,25,,9,77,98,0,Flu
2024-04-16,Villupuram,144,26,62,202,33,,20,80,95,1,Cholera
2024-04-17,Villupuram,42,31,72,444,56,,11,56,236,0,Typhoid
2024-04-18,Villupuram,79,30,79,241,70,,15,76,94,1,Cholera
2024-04-19,Villupuram,95,31,84,290,70,,17,71,119,1,Dengue
2024-04-20,Villupuram,63,31,63,529,74,,12,48,125,1,Respiratory Infection
2024-04-21,Villupuram,92,27,71,196,41,78.0,16,81,106,1,Cholera
2024-04-22,Villupuram,6,27,85,289,35,,9,72,134,0,Typhoid
2024-04-23,Villupuram,50,26,75,567,98,,12,44,157,1,Respiratory Infection
2024-04-24,Villupuram,25,27,80,487,51,,10,52,236,1,Respiratory Infection
2024-04-25,Villupuram,52,31,81,561,89,,13,44,176,1,Respiratory Infection
2024-04-26,Villupuram,17,31,72,393,58,,8,61,201,0,Typhoid
2024-04-27,Villupuram,20,29,77,283,59,,9,72,107,0,Typhoid
2024-04-28,Villupuram,19,26,92,319,53,107.0,11,69,69,0,Typhoid
2024-04-29,Villupuram,59,26,82,570,162,,14,43,141,1,Respiratory Infection
2024-01-01,Tiruppur,61,27,92,254,31,,15,75,70,1,Cholera
2024-01-02,Tiruppur,32,31,60,137,25,,9,87,29,0,Flu
2024-01-03,Tiruppur,33,31,78,594,101,,11,41,202,1,Respiratory Infection
2024-01-04,Tiruppur,104,26,73,110,21,,17,89,40,1,Cholera
2024-01-05,Tiruppur,51,31,85,421,118,,13,58,189,1,Cholera
2024-01-06,Tiruppur,67,28,86,424,77,,15,58,124,1,Cholera
2024-01-07,Tiruppur,75,31,85,187,26,86.0,16,82,41,1,Cholera
2024-01-08,Tiruppur,0,31,66,599,176,,6,41,261,1,Respiratory Infection
2024-01-09,Tiruppur,81,28,94,352,59,,17,65,83,1,Dengue
2024-01-10,Tiruppur,2,28,93,371,93,,9,63,136,0,Typhoid
2024-01-11,Tiruppur,88,30,74,136,14,,16,87,28,1,Cholera
2024-01-12,Tiruppur,86,26,63,317,57,,14,69,100,1,Cholera
2024-01-13,Tiruppur,84,27,82,114,26,,16,89,34,1,Dengue
2024-01-14,Tiruppur,74,29,85,229,35,77.0,15,78,106,1,Cholera
2024-01-15,Tiruppur,56,27,88,506,87,,14,50,254,1,Respiratory Infection
2024-01-16,Tiruppur,82,31,73,316,61,,15,69,184,1,Cholera
2024-01-17,Tiruppur,112,27,93,109,16,,20,90,53,1,Dengue
2024-01-18,Tiruppur,62,31,65,395,47,,12,61,82,1,Cholera
2024-01-19,Tiruppur,48,26,71,597,107,,11,41,196,1,Respiratory Infection
2024-01-20,Tiruppur,97,29,83,546,82,,18,46,155,1,Dengue
2024-01-21,Tiruppur,99,26,88,273,61,86.0,18,73,126,1,Dengue
2024-01-22,Tiruppur,61,30,90,507,88,,15,50,193,1,Respiratory Infection
2024-01-23,Tiruppur,78,26,75,235,57,,15,77,135,1,Cholera
2024-01-24,Tiruppur,45,28,60,182,45,,10,82,97,0,Flu
2024-01-25,Tiruppur,20,30,93,423,112,,11,58,204,0,Typhoid
2024-01-26,Tiruppur,56,26,60,589,86,,11,42,224,1,Respiratory Infection
2024-01-27,Tiruppur,107,28,73,129,14,,18,88,31,1,Cholera
2024-01-28,Tiruppur,59,30,83,367,83,105.0,14,64,122,1,Cholera
2024-01-29,Tiruppur,46,29,67,382,84,,11,62,124,0,Typhoid
2024-01-30,Tiruppur,16,28,83,301,66,,9,70,175,0,Typhoid
2024-01-31,Tiruppur,41,29,66,136,15,,10,87,67,0,Flu
2024-02-01,Tiruppur,59,29,62,487,122,,12,52,148,1,Respiratory Infection
2024-02-02,Tiruppur,104,26,86,328,43,,19,68,171,1,Dengue
2024-02-03,Tiruppur,69,29,61,450,60,,13,55,126,1,Cholera
2024-02-04,Tiruppur,100,28,87,287,37,,18,72,154,1,Dengue
2024-02-05,Tiruppur,78,29,72,271,77,,15,73,136,1,Cholera
2024-02-06,Tiruppur,89,31,70,172,48,,15,83,62,1,Cholera
2024-02-07,Tiruppur,15,29,92,222,63,50.0,10,78,71,0,Flu
2024-02-08,Tiruppur,59,31,64,488,126,,12,52,223,1,Respiratory Infection
2024-02-09,Tiruppur,154,30,68,474,132,,22,53,116,1,Respiratory Infection
2024-02-10,Tiruppur,110,28,81,588,138,,19,42,294,1,Dengue
2024-02-11,Tiruppur,97,29,70,333,49,,16,67,159,1,Cholera
2024-02-12,Tiruppur,62,26,74,589,154,,13,42,343,1,Respiratory Infection
2024-02-13,Tiruppur,0,28,77,475,134,,7,53,146,1,Respiratory Infection
2024-02-14,Tiruppur,47,29,89,102,22,31.0,13,90,51,0,Flu
2024-02-15,Tiruppur,88,31,87,593,127,,17,41,153,1,Dengue
2024-02-16,Tiruppur,91,27,65,329,45,,15,68,161,1,Cholera
2024-02-17,Tiruppur,39,26,84,311,55,,12,69,72,0,Typhoid
2024-02-18,Tiruppur,38,31,82,316,45,,12,69,121,0,Typhoid
2024-02-19,Tiruppur,23,28,67,427,45,,9,58,154,0,Typhoid
2024-02-20,Tiruppur,20,31,68,254,51,,8,75,88,0,Typhoid
2024-02-21,Tiruppur,26,31,89,347,93,106.0,11,66,146,0,Typhoid
2024-02-22,Tiruppur,4,26,62,327,70,,6,68,109,0,Typhoid
2024-02-23,Tiruppur,42,31,90,506,129,,13,50,191,1,Respiratory Infection
2024-02-24,Tiruppur,92,27,86,496,144,,17,51,275,1,Dengue
2024-02-25,Tiruppur,19,31,81,100,28,,10,90,44,0,Flu
2024-02-26,Tiruppur,79,29,83,304,88,,16,70,177,1,Cholera
2024-02-27,Tiruppur,87,26,66,236,59,,15,77,94,1,Cholera
2024-02-28,Tiruppur,120,27,81,553,159,275.0,20,45,286,1,Dengue
2024-02-29,Tiruppur,68,26,68,408,60,,13,60,139,1,Cholera
2024-03-01,Tiruppur,18,29,94,480,120,,11,52,135,1,Respiratory Infection
2024-03-02,Tiruppur,96,28,68,196,20,,16,81,108,1,Cholera
2024-03-03,Tiruppur,30,30,67,521,52,,9,48,263,1,Respiratory Infection
2024-03-04,Tiruppur,103,27,73,307,82,,17,70,161,1,Cholera
2024-03-05,Tiruppur,62,30,74,233,47,,13,77,62,1,Cholera
2024-03-06,Tiruppur,0,31,77,557,139,,7,45,242,1,Respiratory Infection
2024-03-07,Tiruppur,82,28,85,315,71,92.0,16,69,185,1,Dengue
2024-03-08,Tiruppur,29,30,74,395,51,,10,61,202,0,Typhoid
2024-03-09,Tiruppur,23,29,61,308,66,,8,70,132,0,Typhoid
2024-03-10,Tiruppur,21,29,70,229,23,,9,78,102,0,Flu
2024-03-11,Tiruppur,47,26,80,487,68,,12,52,258,1,Respiratory Infection
2024-03-12,Tiruppur,46,26,78,126,24,,12,88,52,0,Flu
2024-03-13,Tiruppur,56,29,84,121,20,,14,88,50,1,Cholera
2024-03-14,Tiruppur,144,28,62,184,44,48.0,20,82,73,1,Cholera
2024-03-15,Tiruppur,70,26,83,590,110,,15,41,187,1,Respiratory Infection
2024-03-16,Tiruppur,53,31,60,463,134,,11,54,170,1,Respiratory Infection
2024-03-17,Tiruppur,5,30,86,500,83,,9,50,138,1,Respiratory Infection
2024-03-18,Tiruppur,44,29,73,235,63,,11,77,82,0,Flu
2024-03-19,Tiruppur,26,28,70,394,97,,9,61,166,0,Typhoid
2024-03-20,Tiruppur,64,26,79,370,90,,14,63,78,1,Cholera
2024-03-21,Tiruppur,54,27,69,291,82,134.0,12,71,121,1,Cholera
2024-03-22,Tiruppur,28,29,65,531,149,,9,47,239,1,Respiratory Infection
2024-03-23,Tiruppur,38,30,73,300,68,,11,70,103,0,Typhoid
2024-03-24,Tiruppur,51,31,65,134,27,,11,87,66,1,Cholera
2024-03-25,Tiruppur,29,29,65,385,100,,9,62,166,0,Typhoid
2024-03-26,Tiruppur,0,30,84,209,50,,8,80,110,0,Flu
2024-03-27,Tiruppur,65,26,69,248,43,,13,76,119,1,Cholera
2024-03-28,Tiruppur,77,30,63,388,87,98.0,14,62,196,1,Cholera
2024-03-29,Tiruppur,6,30,91,542,67,,9,46,140,1,Respiratory Infection
2024-03-30,Tiruppur,28,26,80,543,75,,10,46,222,1,Respiratory Infection
2024-03-31,Tiruppur,50,29,67,436,75,,11,57,214,0,Typhoid
2024-04-01,Tiruppur,50,28,67,232,29,,11,77,115,0,Flu
2024-04-02,Tiruppur,32,30,80,255,59,,11,75,66,0,Typhoid
2024-04-03,Tiruppur,118,27,87,163,42,,20,84,45,1,Dengue
2024-04-04,Tiruppur,4,27,76,552,103,,8,45,325,1,Respiratory Infection
2024-04-05,Tiruppur,63,30,88,178,51,,15,83,106,1,Cholera
2024-04-06,Tiruppur,35,28,69,562,152,,10,44,144,1,Respiratory Infection
2024-04-07,Tiruppur,63,26,92,345,40,157.0,15,66,83,1,Cholera
2024-04-08,Tiruppur,18,28,90,178,45,,10,83,53,0,Flu
2024-04-09,Tiruppur,42,29,64,269,42,,10,74,115,0,Typhoid
2024-04-10,Tiruppur,15,26,71,354,66,,8,65,94,0,Typhoid
2024-04-11,Tiruppur,53,29,90,182,43,,14,82,63,1,Cholera
2024-04-12,Tiruppur,57,28,64,123,17,,12,88,52,1,Cholera
2024-04-13,Tiruppur,51,30,71,283,42,,12,72,60,1,Cholera
2024-04-14,Tiruppur,29,29,83,541,75,231.0,11,46,136,1,Respiratory Infection
2024-04-15,Tiruppur,164,28,66,474,63,,23,53,146,1,Respiratory Infection
2024-04-16,Tiruppur,0,30,69,436,104,,6,57,244,0,Typhoid
2024-04-17,Tiruppur,0,31,78,597,94,,7,41,332,1,Respiratory Infection
2024-04-18,Tiruppur,25,31,81,387,62,,10,62,77,0,Typhoid
2024-04-19,Tiruppur,74,27,88,197,36,,16,81,61,1,Cholera
2024-04-20,Tiruppur,36,30,86,368,106,,12,64,88,0,Typhoid
2024-04-21,Tiruppur,139,31,71,268,38,133.0,21,74,158,1,Cholera
2024-04-22,Tiruppur,0,31,70,557,110,,7,45,161,1,Respiratory Infection
2024-04-23,Tiruppur,0,27,72,174,51,,7,83,74,0,Flu
2024-04-24,Tiruppur,46,27,85,245,31,,13,76,82,0,Flu
2024-04-25,Tiruppur,13,28,72,516,119,,8,49,269,1,Respiratory Infection
2024-04-26,Tiruppur,63,28,65,454,64,,12,55,200,1,Respiratory Infection
2024-04-27,Tiruppur,98,26,81,475,53,,17,53,219,1,Dengue
2024-04-28,Tiruppur,46,26,64,538,159,129.0,11,47,180,1,Respiratory Infection
2024-04-29,Tiruppur,49,27,85,117,14,,13,89,42,0,Flu
2024-01-01,Theni,18,30,68,170,44,,8,83,39,0,Flu
2024-01-02,Theni,47,33,62,209,44,,10,80,64,0,Flu
2024-01-03,Theni,0,35,89,555,105,,8,45,158,1,Respiratory Infection
2024-01-04,Theni,152,32,70,554,102,,22,45,235,1,Respiratory Infection
2024-01-05,Theni,56,31,77,173,49,,13,83,64,1,Cholera
2024-01-06,Theni,6,34,71,569,77,,7,44,187,1,Respiratory Infection
2024-01-07,Theni,43,33,70,228,37,54.0,11,78,135,0,Flu
2024-01-08,Theni,90,35,79,471,55,,16,53,130,1,Respiratory Infection
2024-01-09,Theni,75,31,87,376,86,,16,63,203,1,Cholera
2024-01-10,Theni,150,32,79,112,14,,22,89,32,1,Cholera
2024-01-11,Theni,69,34,94,108,14,,16,90,30,1,Cholera
2024-01-12,Theni,60,32,71,359,44,,13,65,92,1,Cholera
2024-01-13,Theni,88,30,62,368,68,,15,64,82,1,Cholera
2024-01-14,Theni,26,31,78,363,99,159.0,10,64,212,0,Typhoid
2024-01-15,Theni,37,30,72,375,47,,10,63,150,0,Typhoid
2024-01-16,Theni,70,31,94,355,48,,16,65,195,1,Cholera
2024-01-17,Theni,68,32,92,291,46,,16,71,121,1,Cholera
2024-01-18,Theni,65,35,65,340,63,,13,66,108,1,Cholera
2024-01-19,Theni,20,30,78,592,114,,9,41,211,1,Respiratory Infection
2024-01-20,Theni,18,30,86,517,142,,10,49,281,1,Respiratory Infection
2024-01-21,Theni,94,33,75,359,70,88.0,16,65,147,1,Cholera
2024-01-22,Theni,89,34,91,284,69,,18,72,142,1,Dengue
2024-01-23,Theni,116,34,61,580,173,,17,42,241,1,Respiratory Infection
2024-01-24,Theni,126,30,76,197,41,,20,81,86,1,Cholera
2024-01-25,Theni,46,31,70,296,31,,11,71,90,0,Typhoid
2024-01-26,Theni,0,30,81,436,83,,8,57,220,0,Typhoid
2024-01-27,Theni,17,33,90,515,143,,10,49,196,1,Respiratory Infection
2024-01-28,Theni,34,34,78,453,101,130.0,11,55,175,1,Respiratory Infection
2024-01-29,Theni,1,35,66,282,44,,6,72,92,0,Typhoid
2024-01-30,Theni,67,33,74,363,85,,14,64,213,1,Cholera
2024-01-31,Theni,94,35,71,290,39,,16,71,120,1,Cholera
2024-02-01,Theni,72,34,84,235,27,,15,77,93,1,Cholera
2024-02-02,Theni,75,35,70,102,22,,14,90,27,1,Cholera
2024-02-03,Theni,56,35,93,269,60,,14,74,140,1,Cholera
2024-02-04,Theni,57,35,65,239,42,,12,77,123,1,Cholera
2024-02-05,Theni,180,35,89,586,125,,26,42,127,1,Dengue
2024-02-06,Theni,5,31,66,574,134,,7,43,255,1,Respiratory Infection
2024-02-07,Theni,11,33,74,585,160,289.0,8,42,192,1,Respiratory Infection
2024-02-08,Theni,79,31,85,458,82,,16,55,192,1,Respiratory Infection
2024-02-09,Theni,29,35,61,429,71,,9,58,151,0,Typhoid
2024-02-10,Theni,108,34,90,391,101,,19,61,140,1,Dengue
2024-02-11,Theni,0,33,71,396,97,,7,61,132,0,Typhoid
2024-02-12,Theni,80,31,80,552,68,,16,45,157,1,Respiratory Infection
2024-02-13,Theni,120,31,68,339,88,,18,67,190,1,Cholera
2024-02-14,Theni,77,32,87,197,20,47.0,16,81,51,1,Cholera
2024-02-15,Theni,87,33,63,458,50,,15,55,210,1,Respiratory Infection
2024-02-16,Theni,81,35,85,240,46,,16,76,74,1,Dengue
2024-02-17,Theni,61,32,61,309,91,,12,70,168,1,Cholera
2024-02-18,Theni,86,32,80,105,23,,16,90,21,1,Cholera
2024-02-19,Theni,100,31,76,533,98,,17,47,175,1,Respiratory Infection
2024-02-20,Theni,40,31,92,576,112,,13,43,116,1,Respiratory Infection
2024-02-21,Theni,131,34,70,236,59,61.0,20,77,64,1,Cholera
2024-02-22,Theni,107,32,63,519,122,,17,49,231,1,Respiratory Infection
2024-02-23,Theni,25,35,82,593,63,,10,41,251,1,Respiratory Infection
2024-02-24,Theni,34,30,81,183,42,,11,82,84,0,Flu
2024-02-25,Theni,95,30,92,180,20,,18,82,94,1,Dengue
2024-02-26,Theni,38,30,67,191,21,,10,81,56,0,Flu
2024-02-27,Theni,122,33,78,571,156,,20,43,167,1,Respiratory Infection
2024-02-28,Theni,20,34,85,415,81,130.0,10,59,169,0,Typhoid
2024-02-29,Theni,38,33,89,485,113,,12,52,161,1,Respiratory Infection
2024-03-01,Theni,62,35,65,354,63,,12,65,212,1,Cholera
2024-03-02,Theni,86,34,62,518,72,,14,49,295,1,Respiratory Infection
2024-03-03,Theni,94,31,82,295,67,,17,71,163,1,Dengue
2024-03-04,Theni,26,35,90,380,102,,11,62,174,0,Typhoid
2024-03-05,Theni,11,30,77,426,44,,8,58,136,0,Typhoid
2024-03-06,Theni,100,32,87,458,113,,18,55,175,1,Dengue
2024-03-07,Theni,0,31,76,237,55,81.0,7,77,102,0,Flu
2024-03-08,Theni,88,34,72,515,74,,16,49,168,1,Respiratory Infection
2024-03-09,Theni,68,34,65,342,73,,13,66,84,1,Cholera
2024-03-10,Theni,119,35,85,106,11,,20,90,41,1,Dengue
2024-03-11,Theni,91,33,77,586,151,,16,42,260,1,Respiratory Infection
2024-03-12,Theni,102,31,79,249,55,,18,76,118,1,Cholera
2024-03-13,Theni,27,31,84,457,63,,11,55,228,1,Respiratory Infection
2024-03-14,Theni,97,31,81,344,85,78.0,17,66,96,1,Dengue
2024-03-15,Theni,73,33,64,150,26,,13,85,77,1,Cholera
2024-03-16,Theni,86,32,88,332,36,,17,67,140,1,Dengue
2024-03-17,Theni,93,32,64,262,33,,15,74,94,1,Cholera
2024-03-18,Theni,75,33,80,423,66,,15,58,142,1,Cholera
2024-03-19,Theni,95,31,88,511,81,,18,49,268,1,Dengue
2024-03-20,Theni,93,32,84,439,106,,17,57,139,1,Dengue
2024-03-21,Theni,81,35,64,116,24,33.0,14,89,30,1,Cholera
2024-03-22,Theni,81,34,80,191,56,,16,81,91,1,Cholera
2024-03-23,Theni,36,33,68,289,72,,10,72,76,0,Typhoid
2024-03-24,Theni,31,31,93,477,99,,12,53,130,1,Respiratory Infection
2024-03-25,Theni,92,32,78,249,59,,17,76,114,1,Cholera
2024-03-26,Theni,23,30,63,496,108,,8,51,258,1,Respiratory Infection
2024-03-27,Theni,45,35,94,332,65,,13,67,176,0,Typhoid
2024-03-28,Theni,62,32,69,146,41,35.0,13,86,41,1,Cholera
2024-03-29,Theni,56,31,70,294,55,,12,71,102,1,Cholera
2024-03-30,Theni,5,30,67,547,129,,7,46,263,1,Respiratory Infection
2024-03-31,Theni,16,34,61,132,39,,7,87,56,0,Flu
2024-04-01,Theni,69,31,78,101,22,,14,90,37,1,Cholera
2024-04-02,Theni,28,35,94,123,16,,12,88,54,0,Flu
2024-04-03,Theni,29,33,66,319,77,,9,69,86,0,Typhoid
2024-04-04,Theni,73,33,90,205,42,,16,80,96,1,Cholera
2024-04-05,Theni,58,32,90,523,100,,14,48,308,1,Respiratory Infection
2024-04-06,Theni,47,32,79,298,88,,12,71,75,0,Typhoid
2024-04-07,Theni,68,30,71,460,82,113.0,13,54,196,1,Respiratory Infection
2024-04-08,Theni,40,34,61,293,44,,10,71,157,0,Typhoid
2024-04-09,Theni,99,33,69,186,55,,16,82,106,1,Cholera
2024-04-10,Theni,35,34,62,123,14,,9,88,43,0,Flu
2024-04-11,Theni,19,30,64,505,63,,8,50,240,1,Respiratory Infection
2024-04-12,Theni,91,35,82,335,58,,17,67,159,1,Dengue
2024-04-13,Theni,54,35,72,118,27,,12,89,53,1,Cholera
2024-04-14,Theni,53,30,77,484,69,199.0,13,52,227,1,Respiratory Infection
2024-04-15,Theni,20,33,89,505,68,,10,50,143,1,Respiratory Infection
2024-04-16,Theni,69,33,67,354,99,,13,65,114,1,Cholera
2024-04-17,Theni,88,34,74,468,101,,16,54,141,1,Respiratory Infection
2024-04-18,Theni,121,30,91,260,46,,21,74,94,1,Dengue
2024-04-19,Theni,73,32,90,315,83,,16,69,93,1,Cholera
2024-04-20,Theni,71,34,75,568,61,,14,44,230,1,Respiratory Infection
2024-04-21,Theni,85,34,85,313,48,102.0,17,69,147,1,Dengue
2024-04-22,Theni,144,35,94,215,36,,23,79,120,1,Dengue
2024-04-23,Theni,14,30,71,534,101,,8,47,205,1,Respiratory Infection
2024-04-24,Theni,9,34,67,249,52,,7,76,130,0,Flu
2024-04-25,Theni,26,33,67,389,72,,9,62,210,0,Typhoid
2024-04-26,Theni,143,31,65,342,48,,20,66,82,1,Cholera
2024-04-27,Theni,27,35,73,260,32,,10,74,63,0,Typhoid
2024-04-28,Theni,12,31,83,590,119,149.0,9,41,188,1,Respiratory Infection
2024-04-29,Theni,78,32,65,154,39,,14,85,34,1,Cholera
2024-01-01,Kanyakumari,42,32,60,254,31,,10,75,140,0,Typhoid
2024-01-02,Kanyakumari,133,32,86,308,38,,21,70,153,1,Dengue
2024-01-03,Kanyakumari,77,31,74,255,29,,15,75,131,1,Cholera
2024-01-04,Kanyakumari,89,28,80,318,59,,16,69,190,1,Cholera
2024-01-05,Kanyakumari,67,29,70,136,23,,13,87,34,1,Cholera
2024-01-06,Kanyakumari,85,31,81,146,40,,16,86,81,1,Dengue
2024-01-07,Kanyakumari,75,29,64,137,35,30.0,13,87,58,1,Cholera
2024-01-08,Kanyakumari,44,28,69,514,73,,11,49,181,1,Respiratory Infection
2024-01-09,Kanyakumari,68,32,72,412,57,,14,59,219,1,Cholera
2024-01-10,Kanyakumari,99,31,94,421,124,,19,58,247,1,Dengue
2024-01-11,Kanyakumari,90,29,69,195,23,,15,81,52,1,Cholera
2024-01-12,Kanyakumari,102,28,76,186,22,,17,82,102,1,Cholera
2024-01-13,Kanyakumari,32,31,69,377,79,,10,63,77,0,Typhoid
2024-01-14,Kanyakumari,79,31,84,124,36,31.0,16,88,43,1,Cholera
2024-01-15,Kanyakumari,45,29,69,350,63,,11,65,145,0,Typhoid
2024-01-16,Kanyakumari,43,28,90,445,76,,13,56,180,0,Typhoid
2024-01-17,Kanyakumari,61,32,84,408,98,,14,60,92,1,Cholera
2024-01-18,Kanyakumari,70,32,90,534,139,,16,47,253,1,Respiratory Infection
2024-01-19,Kanyakumari,86,32,75,371,64,,16,63,167,1,Cholera
2024-01-20,Kanyakumari,0,28,93,417,61,,9,59,200,0,Typhoid
2024-01-21,Kanyakumari,41,27,65,172,51,79.0,10,83,44,0,Flu
2024-01-22,Kanyakumari,62,29,68,590,88,,13,41,150,1,Respiratory Infection
2024-01-23,Kanyakumari,106,32,91,252,29,,19,75,73,1,Dengue
2024-01-24,Kanyakumari,60,28,70,465,118,,13,54,164,1,Respiratory Infection
2024-01-25,Kanyakumari,97,30,78,329,65,,17,68,155,1,Cholera
2024-01-26,Kanyakumari,0,27,84,594,125,,8,41,326,1,Respiratory Infection
2024-01-27,Kanyakumari,82,31,63,199,51,,14,81,41,1,Cholera
2024-01-28,Kanyakumari,57,28,73,578,58,272.0,13,43,343,1,Respiratory Infection
2024-01-29,Kanyakumari,44,31,83,322,35,,12,68,119,0,Typhoid
2024-01-30,Kanyakumari,29,28,88,516,67,,11,49,185,1,Respiratory Infection
2024-01-31,Kanyakumari,67,28,88,145,18,,15,86,46,1,Cholera
2024-02-01,Kanyakumari,9,27,78,536,114,,8,47,121,1,Respiratory Infection
2024-02-02,Kanyakumari,6,30,70,445,114,,7,56,255,0,Typhoid
2024-02-03,Kanyakumari,31,28,90,521,74,,12,48,286,1,Respiratory Infection
2024-02-04,Kanyakumari,60,31,80,163,40,,14,84,67,1,Cholera
2024-02-05,Kanyakumari,79,29,77,390,52,,15,61,222,1,Cholera
2024-02-06,Kanyakumari,45,27,71,341,41,,11,66,125,0,Typhoid
2024-02-07,Kanyakumari,91,31,92,258,41,83.0,18,75,61,1,Dengue
2024-02-08,Kanyakumari,0,30,87,549,66,,8,46,166,1,Respiratory Infection
2024-02-09,Kanyakumari,0,29,63,156,39,,6,85,41,0,Flu
2024-02-10,Kanyakumari,68,32,90,155,43,,15,85,52,1,Cholera
2024-02-11,Kanyakumari,59,31,93,133,34,,15,87,76,1,Cholera
2024-02-12,Kanyakumari,76,31,86,280,71,,16,72,90,1,Cholera
2024-02-13,Kanyakumari,89,31,72,186,29,,16,82,110,1,Cholera
2024-02-14,Kanyakumari,92,28,75,286,29,83.0,16,72,102,1,Cholera
2024-02-15,Kanyakumari,68,30,85,100,16,,15,90,31,1,Cholera
2024-02-16,Kanyakumari,61,29,85,261,48,,14,74,82,1,Cholera
2024-02-17,Kanyakumari,114,28,80,186,44,,19,82,88,1,Cholera
2024-02-18,Kanyakumari,41,30,76,115,20,,11,89,35,0,Flu
2024-02-19,Kanyakumari,18,29,90,181,53,,10,82,102,0,Flu
2024-02-20,Kanyakumari,0,29,68,560,122,,6,44,199,1,Respiratory Infection
2024-02-21,Kanyakumari,0,31,62,579,61,133.0,6,43,242,1,Respiratory Infection
2024-02-22,Kanyakumari,37,27,72,138,14,,10,87,36,0,Flu
2024-02-23,Kanyakumari,81,32,69,332,63,,15,67,199,1,Cholera
2024-02-24,Kanyakumari,33,32,80,149,16,,11,86,57,0,Flu
2024-02-25,Kanyakumari,81,29,86,442,85,,16,56,97,1,Dengue
2024-02-26,Kanyakumari,63,29,67,330,33,,13,67,175,1,Cholera
2024-02-27,Kanyakumari,32,28,85,224,63,,11,78,101,0,Flu
2024-02-28,Kanyakumari,102,32,82,206,28,45.0,18,80,91,1,Dengue
2024-02-29,Kanyakumari,26,31,85,472,68,,11,53,216,1,Respiratory Infection
2024-03-01,Kanyakumari,61,29,75,544,92,,13,46,229,1,Respiratory Infection
2024-03-02,Kanyakumari,76,29,62,122,21,,13,88,38,1,Cholera
2024-03-03,Kanyakumari,62,29,83,294,31,,14,71,59,1,Cholera
2024-03-04,Kanyakumari,60,29,94,329,70,,15,68,108,1,Cholera
2024-03-05,Kanyakumari,0,28,86,427,65,,8,58,238,0,Typhoid
2024-03-06,Kanyakumari,1,27,60,560,154,,6,44,285,1,Respiratory Infection
2024-03-07,Kanyakumari,112,30,92,112,22,46.0,20,89,28,1,Dengue
2024-03-08,Kanyakumari,0,30,76,189,20,,7,82,75,0,Flu
2024-03-09,Kanyakumari,90,29,83,448,57,,17,56,249,1,Dengue
2024-03-10,Kanyakumari,63,29,61,341,72,,12,66,73,1,Cholera
2024-03-11,Kanyakumari,23,32,70,370,90,,9,63,150,0,Typhoid
2024-03-12,Kanyakumari,68,31,69,495,92,,13,51,224,1,Respiratory Infection
2024-03-13,Kanyakumari,105,28,70,240,34,,17,76,112,1,Cholera
2024-03-14,Kanyakumari,6,27,61,408,75,156.0,6,60,123,0,Typhoid
2024-03-15,Kanyakumari,111,30,83,128,32,,19,88,49,1,Dengue
2024-03-16,Kanyakumari,80,27,78,377,95,,15,63,213,1,Cholera
2024-03-17,Kanyakumari,66,31,60,494,64,,12,51,221,1,Respiratory Infection
2024-03-18,Kanyakumari,116,30,77,117,28,,19,89,28,1,Cholera
2024-03-19,Kanyakumari,84,30,86,139,36,,17,87,33,1,Dengue
2024-03-20,Kanyakumari,50,29,85,517,59,,13,49,184,1,Respiratory Infection
2024-03-21,Kanyakumari,46,29,87,365,85,157.0,13,64,162,0,Typhoid
2024-03-22,Kanyakumari,73,28,73,460,109,,14,54,263,1,Respiratory Infection
2024-03-23,Kanyakumari,34,27,65,216,46,,9,79,120,0,Flu
2024-03-24,Kanyakumari,85,28,78,414,62,,16,59,103,1,Cholera
2024-03-25,Kanyakumari,79,32,82,256,72,,16,75,109,1,Cholera
2024-03-26,Kanyakumari,37,31,71,571,131,,10,43,273,1,Respiratory Infection
2024-03-27,Kanyakumari,55,28,73,599,80,,12,41,212,1,Respiratory Infection
2024-03-28,Kanyakumari,54,30,90,223,31,68.0,14,78,71,1,Cholera
2024-03-29,Kanyakumari,0,30,71,569,132,,7,44,213,1,Respiratory Infection
2024-03-30,Kanyakumari,0,31,70,308,74,,7,70,89,0,Typhoid
2024-03-31,Kanyakumari,44,32,89,165,33,,13,84,55,0,Flu
2024-04-01,Kanyakumari,79,28,80,288,63,,15,72,157,1,Cholera
2024-04-02,Kanyakumari,36,29,92,445,63,,12,56,112,0,Typhoid
2024-04-03,Kanyakumari,60,31,67,303,31,,12,70,174,1,Cholera
2024-04-04,Kanyakumari,37,28,72,447,121,,10,56,161,0,Typhoid
2024-04-05,Kanyakumari,39,32,93,317,71,,13,69,123,0,Typhoid
2024-04-06,Kanyakumari,28,29,83,262,65,,11,74,146,0,Typhoid
2024-04-07,Kanyakumari,4,31,62,229,58,66.0,6,78,115,0,Flu
2024-04-08,Kanyakumari,66,30,92,301,43,,15,70,108,1,Cholera
2024-04-09,Kanyakumari,74,28,68,331,82,,14,67,101,1,Cholera
2024-04-10,Kanyakumari,47,27,87,164,33,,13,84,33,0,Flu
2024-04-11,Kanyakumari,95,31,82,354,67,,17,65,130,1,Dengue
2024-04-12,Kanyakumari,21,27,74,249,73,,9,76,59,0,Flu
2024-04-13,Kanyakumari,61,31,94,338,77,,15,67,99,1,Cholera
2024-04-14,Kanyakumari,12,32,63,216,44,98.0,7,79,63,0,Flu
2024-04-15,Kanyakumari,64,32,90,190,35,,15,81,73,1,Cholera
2024-04-16,Kanyakumari,33,28,61,317,45,,9,69,140,0,Typhoid
2024-04-17,Kanyakumari,26,29,92,191,23,,11,81,75,0,Flu
2024-04-18,Kanyakumari,94,30,60,467,113,,15,54,140,1,Respiratory Infection
2024-04-19,Kanyakumari,40,28,62,145,29,,10,86,70,0,Flu
2024-04-20,Kanyakumari,66,29,70,556,155,,13,45,187,1,Respiratory Infection
2024-04-21,Kanyakumari,112,27,77,419,71,127.0,18,59,120,1,Cholera
2024-04-22,Kanyakumari,50,31,80,156,19,,13,85,60,0,Flu
2024-04-23,Kanyakumari,52,30,70,202,46,,12,80,119,1,Cholera
2024-04-24,Kanyakumari,0,30,67,145,17,,6,86,61,0,Flu
2024-04-25,Kanyakumari,56,32,70,417,76,,12,59,118,1,Cholera
2024-04-26,Kanyakumari,56,30,61,146,16,,11,86,63,1,Cholera
2024-04-27,Kanyakumari,9,27,88,360,82,,9,64,108,0,Typhoid
2024-04-28,Kanyakumari,84,28,76,453,122,103.0,16,55,107,1,Respiratory Infection
2024-04-29,Kanyakumari,16,29,62,568,125,,7,44,177,1,Respiratory Infection
2024-01-01,Tiruvarur,0,31,72,249,57,,7,76,102,0,Flu
2024-01-02,Tiruvarur,101,30,86,372,43,,18,63,129,1,Dengue
2024-01-03,Tiruvarur,40,30,86,450,132,,12,55,214,0,Typhoid
2024-01-04,Tiruvarur,47,32,80,244,64,,12,76,89,0,Flu
2024-01-05,Tiruvarur,85,32,81,369,75,,16,64,83,1,Dengue
2024-01-06,Tiruvarur,25,30,68,323,85,,9,68,177,0,Typhoid
2024-01-07,Tiruvarur,66,32,82,223,50,106.0,14,78,87,1,Cholera
2024-01-08,Tiruvarur,34,30,64,345,103,,9,66,86,0,Typhoid
2024-01-09,Tiruvarur,8,31,75,257,43,,8,75,115,0,Typhoid
2024-01-10,Tiruvarur,47,31,87,432,121,,13,57,103,0,Typhoid
2024-01-11,Tiruvarur,43,27,79,364,106,,12,64,152,0,Typhoid
2024-01-12,Tiruvarur,140,30,64,513,80,,20,49,176,1,Respiratory Infection
2024-01-13,Tiruvarur,87,29,64,267,36,,15,74,144,1,Cholera
2024-01-14,Tiruvarur,80,28,69,465,83,216.0,14,54,213,1,Respiratory Infection
2024-01-15,Tiruvarur,81,32,86,540,143,,16,46,265,1,Dengue
2024-01-16,Tiruvarur,64,32,88,291,41,,15,71,105,1,Cholera
2024-01-17,Tiruvarur,44,31,62,445,76,,10,56,128,0,Typhoid
2024-01-18,Tiruvarur,95,32,89,335,52,,18,67,127,1,Dengue
2024-01-19,Tiruvarur,72,30,60,467,73,,13,54,211,1,Respiratory Infection
2024-01-20,Tiruvarur,122,31,88,172,42,,21,83,43,1,Dengue
2024-01-21,Tiruvarur,82,29,94,126,36,57.0,17,88,59,1,Dengue
2024-01-22,Tiruvarur,18,29,75,457,113,,9,55,105,1,Respiratory Infection
2024-01-23,Tiruvarur,73,29,77,106,17,,15,90,46,1,Cholera
2024-01-24,Tiruvarur,101,32,79,416,50,,18,59,233,1,Cholera
2024-01-25,Tiruvarur,48,27,68,194,20,,11,81,89,0,Flu
2024-01-26,Tiruvarur,62,29,76,464,96,,13,54,105,1,Respiratory Infection
2024-01-27,Tiruvarur,55,30,67,420,64,,12,58,236,1,Cholera
2024-01-28,Tiruvarur,74,32,60,121,33,27.0,13,88,64,1,Cholera
2024-01-29,Tiruvarur,47,31,66,477,75,,11,53,99,1,Respiratory Infection
2024-01-30,Tiruvarur,0,29,75,230,55,,7,77,68,0,Flu
2024-01-31,Tiruvarur,0,28,94,231,38,,9,77,61,0,Flu
2024-02-01,Tiruvarur,12,32,89,351,83,,10,65,178,0,Typhoid
2024-02-02,Tiruvarur,145,30,66,429,81,,21,58,189,1,Cholera
2024-02-03,Tiruvarur,31,27,62,552,116,,9,45,128,1,Respiratory Infection
2024-02-04,Tiruvarur,46,29,88,566,164,,13,44,311,1,Respiratory Infection
2024-02-05,Tiruvarur,81,28,92,202,46,,17,80,54,1,Dengue
2024-02-06,Tiruvarur,95,27,87,144,21,,18,86,51,1,Dengue
2024-02-07,Tiruvarur,12,30,81,511,145,132.0,9,49,121,1,Respiratory Infection
2024-02-08,Tiruvarur,0,30,70,579,154,,7,43,260,1,Respiratory Infection
2024-02-09,Tiruvarur,117,27,91,318,87,,20,69,88,1,Dengue
2024-02-10,Tiruvarur,14,31,94,590,72,,10,41,143,1,Respiratory Infection
2024-02-11,Tiruvarur,81,30,72,267,40,,15,74,133,1,Cholera
2024-02-12,Tiruvarur,28,28,94,515,82,,12,49,144,1,Respiratory Infection
2024-02-13,Tiruvarur,81,30,61,233,28,,14,77,85,1,Cholera
2024-02-14,Tiruvarur,47,27,86,336,48,85.0,13,67,72,0,Typhoid
2024-02-15,Tiruvarur,52,31,81,550,152,,13,45,185,1,Respiratory Infection
2024-02-16,Tiruvarur,76,31,86,355,74,,16,65,154,1,Cholera
2024-02-17,Tiruvarur,17,27,78,240,56,,9,76,138,0,Flu
2024-02-18,Tiruvarur,43,31,64,107,18,,10,90,33,0,Flu
2024-02-19,Tiruvarur,90,31,78,260,76,,16,74,71,1,Cholera
2024-02-20,Tiruvarur,62,31,62,206,43,,12,80,108,1,Cholera
2024-02-21,Tiruvarur,60,31,63,545,161,133.0,12,46,218,1,Respiratory Infection
2024-02-22,Tiruvarur,67,29,74,281,57,,14,72,161,1,Cholera
2024-02-23,Tiruvarur,34,30,74,582,156,,10,42,177,1,Respiratory Infection
2024-02-24,Tiruvarur,44,32,84,515,147,,12,49,227,1,Respiratory Infection
2024-02-25,Tiruvarur,57,29,73,215,42,,13,79,84,1,Cholera
2024-02-26,Tiruvarur,86,28,71,381,99,,15,62,215,1,Cholera
2024-02-27,Tiruvarur,0,30,71,513,146,,7,49,125,1,Respiratory Infection
2024-02-28,Tiruvarur,74,31,74,318,61,88.0,14,69,106,1,Cholera
2024-02-29,Tiruvarur,88,29,71,157,27,,15,85,82,1,Cholera
2024-03-01,Tiruvarur,15,29,66,465,66,,8,54,150,1,Respiratory Infection
2024-03-02,Tiruvarur,1,32,60,357,92,,6,65,186,0,Typhoid
2024-03-03,Tiruvarur,57,28,78,100,19,,13,90,23,1,Cholera
2024-03-04,Tiruvarur,69,31,60,462,69,,12,54,256,1,Respiratory Infection
2024-03-05,Tiruvarur,62,30,78,273,75,,14,73,111,1,Cholera
2024-03-06,Tiruvarur,66,29,69,462,86,,13,54,155,1,Respiratory Infection
2024-03-07,Tiruvarur,72,27,82,493,58,174.0,15,51,233,1,Respiratory Infection
2024-03-08,Tiruvarur,49,29,62,475,127,,11,53,184,1,Respiratory Infection
2024-03-09,Tiruvarur,22,29,73,132,21,,9,87,78,0,Flu
2024-03-10,Tiruvarur,11,28,66,519,107,,7,49,265,1,Respiratory Infection
2024-03-11,Tiruvarur,32,28,92,128,21,,12,88,63,0,Flu
2024-03-12,Tiruvarur,26,27,68,369,57,,9,64,84,0,Typhoid
2024-03-13,Tiruvarur,86,28,77,257,29,,16,75,58,1,Cholera
2024-03-14,Tiruvarur,94,27,94,350,56,88.0,18,65,183,1,Dengue
2024-03-15,Tiruvarur,107,31,87,532,69,,19,47,186,1,Dengue
2024-03-16,Tiruvarur,98,31,75,258,76,,17,75,100,1,Cholera
2024-03-17,Tiruvarur,80,31,71,433,59,,15,57,90,1,Cholera
2024-03-18,Tiruvarur,59,28,76,424,93,,13,58,183,1,Cholera
2024-03-19,Tiruvarur,35,32,86,286,57,,12,72,123,0,Typhoid
2024-03-20,Tiruvarur,70,29,63,221,48,,13,78,72,1,Cholera
2024-03-21,Tiruvarur,96,28,63,336,55,82.0,15,67,98,1,Cholera
2024-03-22,Tiruvarur,101,31,85,317,42,,18,69,108,1,Dengue
2024-03-23,Tiruvarur,62,29,78,215,50,,14,79,90,1,Cholera
2024-03-24,Tiruvarur,10,30,81,240,32,,9,76,88,0,Flu
2024-03-25,Tiruvarur,35,29,94,589,73,,12,42,198,1,Respiratory Infection
2024-03-26,Tiruvarur,64,32,93,440,68,,15,56,148,1,Cholera
2024-03-27,Tiruvarur,54,27,82,308,33,,13,70,149,1,Cholera
2024-03-28,Tiruvarur,21,27,67,179,53,75.0,8,83,65,0,Flu
2024-03-29,Tiruvarur,135,30,94,188,22,,22,82,58,1,Dengue
2024-03-30,Tiruvarur,103,32,68,433,58,,17,57,176,1,Cholera
2024-03-31,Tiruvarur,0,27,63,472,89,,6,53,222,1,Respiratory Infection
2024-04-01,Tiruvarur,71,27,60,484,95,,13,52,130,1,Respiratory Infection
2024-04-02,Tiruvarur,38,28,89,165,30,,12,84,47,0,Flu
2024-04-03,Tiruvarur,0,31,89,302,88,,8,70,113,0,Typhoid
2024-04-04,Tiruvarur,19,28,74,290,63,,9,71,140,0,Typhoid
2024-04-05,Tiruvarur,97,27,73,213,43,,17,79,79,1,Cholera
2024-04-06,Tiruvarur,44,32,83,410,60,,12,59,243,0,Typhoid
2024-04-07,Tiruvarur,79,31,69,421,42,113.0,14,58,133,1,Cholera
2024-04-08,Tiruvarur,108,31,75,559,129,,18,45,263,1,Respiratory Infection
2024-04-09,Tiruvarur,100,30,67,252,71,,16,75,143,1,Cholera
2024-04-10,Tiruvarur,0,30,69,367,49,,6,64,205,0,Typhoid
2024-04-11,Tiruvarur,1,29,85,302,71,,8,70,106,0,Typhoid
2024-04-12,Tiruvarur,143,31,86,151,37,,22,85,39,1,Dengue
2024-04-13,Tiruvarur,7,31,85,286,58,,9,72,103,0,Typhoid
2024-04-14,Tiruvarur,111,28,75,473,109,188.0,18,53,224,1,Respiratory Infection
2024-04-15,Tiruvarur,16,29,67,212,45,,8,79,120,0,Flu
2024-04-16,Tiruvarur,84,27,67,200,28,,15,80,90,1,Cholera
2024-04-17,Tiruvarur,74,29,63,454,94,,13,55,186,1,Respiratory Infection
2024-04-18,Tiruvarur,86,28,94,295,41,,18,71,67,1,Dengue
2024-04-19,Tiruvarur,108,28,64,217,31,,17,79,115,1,Cholera
2024-04-20,Tiruvarur,53,28,88,414,70,,14,59,190,1,Cholera
2024-04-21,Tiruvarur,138,31,87,372,93,93.0,22,63,111,1,Dengue
2024-04-22,Tiruvarur,51,28,91,398,99,,14,61,172,1,Cholera
2024-04-23,Tiruvarur,46,31,85,363,53,,13,64,117,0,Typhoid
2024-04-24,Tiruvarur,107,27,87,424,70,,19,58,239,1,Dengue
2024-04-25,Tiruvarur,43,29,65,586,144,,10,42,158,1,Respiratory Infection
2024-04-26,Tiruvarur,47,28,91,462,64,,13,54,193,1,Respiratory Infection
2024-04-27,Tiruvarur,105,29,93,194,31,,19,81,98,1,Dengue
2024-04-28,Tiruvarur,79,30,75,347,53,160.0,15,66,140,1,Cholera
2024-04-29,Tiruvarur,48,29,62,588,96,,11,42,270,1,Respiratory Infection
